"","gene","baseMean","log2FoldChange","lfcSE","stat","pvalue","padj","Cont_B1_untr_00006-00006_0074.count","Cont_B1_untr_00014-00014_0075.count","Cont_B1_untr_00019-00019_0075.count","Cont_untr_00001_0074.count","Cont_untr_00003_0074.count","Cont_untr_00004_0074.count","Cont_untr_00005_0074.count","Cont_untr_00009-00009_0074.count","Cont_untr_00010-00010_0074.count","Cont_untr_00011-00011_0075.count","Cont_untr_00012-00012_0075.count","Cont_untr_00013-00013_0075.count","Muta_untr_00002_0074.count"
"1","BRCA1",1604.39082898581,0.0144654774389422,0.149024583260281,0.0970677261594977,0.922672610593238,0.922672610593238,1384.22320966021,1915.40658257871,1646.00195101972,1658.37010180151,1440.44654178078,1658.68967319957,1357.58421587648,1602.19629328643,1797.16658223457,1700.66314191466,1562.37487787283,1514.84320816108,1619.11439742892
"2","BRCA2",2290.84058602134,-0.0282860339504589,0.149134606406737,-0.189667808377848,0.84956944806296,0.922672610593238,2631.70034060956,1901.87332834476,2213.15697109935,2196.65121096018,2528.98013683928,2196.22799321795,2683.34048800834,2273.66690811035,2027.00224250384,2142.02366274675,2331.617554746,2404.77738733411,2249.90939375693
