"","gene","baseMean","log2FoldChange","lfcSE","stat","pvalue","padj","Cont_B1_untr_26-06-009-0425_U.count","Cont_B1_untr_30-99-003-3193_U.count","Cont_B1_untr_36-01-008-0483_U.count","Cont_untr_02-07-111-0075_U.count","Cont_untr_04-07-111-0082_U.count","Cont_untr_06-07-111-0085_U.count","Cont_untr_08-07-111-0097_U.count","Cont_untr_10-07-111-0134_U.count","Cont_untr_12-08-111-0021_U.count","Cont_untr_14-08-111-0059_U.count","Cont_untr_18-08-111-0065_U.count","Cont_untr_20-08-111-0066_U.count","Muta_untr_32-99-005-0355_U.count"
"1","BRCA1",72302.0305049356,-0.178580861676096,0.10042603978625,-1.77823263823001,0.0753656545479591,0.0851341355388422,66397.0123216954,78380.7114669545,72978.5139627133,71908.4745661039,68859.9125460685,78017.7926144693,78465.5087864948,73559.4529740269,67667.2275838235,71513.8605222464,67362.6141228816,80354.5796885328,64460.7354081516
"2","BRCA2",59284.4503563949,0.172673118241213,0.100295518734046,1.72164340362097,0.0851341355388422,0.0851341355388422,64245.869776962,54423.2595923479,58451.9137972372,59321.7118418719,61947.9991983018,54676.4227011449,54364.4446224911,57990.2872402432,63039.8785278259,59649.0495135835,63324.9445963827,53086.3806858756,66175.6925388653
