"","gene","baseMean","log2FoldChange","lfcSE","stat","pvalue","padj","Cont_B1_untr_22-03-006-0289_U.count","Cont_B1_untr_26-06-009-0425_U.count","Cont_B1_untr_30-99-003-3193_U.count","Cont_B1_untr_36-01-008-0483_U.count","Cont_untr_02-07-111-0075_U.count","Cont_untr_04-07-111-0082_U.count","Cont_untr_06-07-111-0085_U.count","Cont_untr_08-07-111-0097_U.count","Cont_untr_10-07-111-0134_U.count","Cont_untr_12-08-111-0021_U.count","Cont_untr_14-08-111-0059_U.count","Cont_untr_18-08-111-0065_U.count","Cont_untr_20-08-111-0066_U.count","Muta_untr_32-99-005-0355_U.count"
"1","BRCA1",72510.4756392741,-0.16868514748927,0.10314130397495,-1.63547619613419,0.101949260747594,0.114252108550815,67052.1015070557,66974.0165216899,79061.8565687232,73612.7128158459,72533.3745486335,69458.3198743657,78695.7838739969,79147.3907950581,74198.7003110859,68255.2702253913,72135.3312245612,67948.0096084977,81052.8781261861,65020.9129487469
"2","BRCA2",60151.7211634028,0.162383669088041,0.102815724085401,1.57936609922779,0.114252108550815,0.114252108550815,64728.7129028264,64804.18008939,54896.2093270443,58959.8733963125,59837.2301714887,62486.3405252504,55151.5724772581,54836.8832425538,58494.2352060703,63587.7085190531,60167.4124773908,63875.2518725521,53547.7126577098,66750.7734227381
