"","gene","baseMean","log2FoldChange","lfcSE","stat","pvalue","padj","Cont_B2_untr_24-05-002-0176_U.count","Cont_B2_untr_28-06-009-0915_U.count","Cont_B2_untr_32-99-005-0355_U.count","Cont_B2_untr_34-99-006-1923_U.count","Cont_untr_02-07-111-0075_U.count","Cont_untr_04-07-111-0082_U.count","Cont_untr_06-07-111-0085_U.count","Cont_untr_08-07-111-0097_U.count","Cont_untr_10-07-111-0134_U.count","Cont_untr_12-08-111-0021_U.count","Cont_untr_14-08-111-0059_U.count","Cont_untr_16-08-111-0064_U.count","Cont_untr_18-08-111-0065_U.count","Cont_untr_20-08-111-0066_U.count","Muta_untr_36-01-008-0483_U.count"
"1","BRCA1",60525.3278124651,0.037488148979624,0.115330827238844,0.325048817190812,0.745144125200252,0.745144125200252,54456.9742322704,61269.8962390375,54773.6649641043,53216.6728678193,61102.1681497216,58511.7398269539,66293.3863047972,66673.8203077644,62505.0397987333,57498.2899164604,60766.8561603141,63281.5473323197,57239.4533464532,68279.0042391377,62011.4035010897
"2","BRCA2",51161.1076765655,-0.0456967732036584,0.115334094463856,-0.396212181801793,0.69194850535902,0.745144125200252,56557.9075790274,50268.9363736813,56230.9007016543,57876.0818684086,50406.9267741077,52638.5392875195,46459.7252809117,46194.6308377885,49275.5868259545,53566.3324967949,50685.0725918205,48670.9419333241,53808.5592295943,45108.6325874796,49667.8407804157
