"","gene","baseMean","log2FoldChange","lfcSE","stat","pvalue","padj","Cont_B2_untr_050020176.count","Cont_B2_untr_060090915.count","Cont_B2_untr_990050355.count","Cont_B2_untr_990061923.count","Cont_untr_07III0075.count","Cont_untr_07III0082.count","Cont_untr_07III0085.count","Cont_untr_07III0097.count","Cont_untr_07III0134.count","Cont_untr_08III0021.count","Cont_untr_08III0059.count","Cont_untr_08III0064.count","Cont_untr_08III0065.count","Cont_untr_08III0066.count","Muta_untr_990033193.count"
"1","BRCA1",20999.9952623284,-0.0390070726609124,0.122052215920704,-0.319593318045572,0.749276640356199,0.805985423398173,20291.4938512702,18935.4955199608,19403.6889561472,18186.5599270027,20079.7698817145,22056.5669221421,21895.1232370119,22255.04982668,21429.2815692572,23555.2295036166,21035.6260297861,21112.2715117765,19798.4203990693,24491.6424701826,20473.7093293076
"2","BRCA2",29531.9420183571,0.0298968357568029,0.121725647887588,0.245608351860341,0.805985423398173,0.805985423398173,30381.0654809761,32556.697697845,31771.134076387,33897.405879764,30701.4077867324,27949.8258082673,28155.9138411315,27700.5537261576,28767.9827907376,26171.564293509,29306.3397556765,29199.9467256941,31137.6963907305,25170.9212296723,30110.6747920755
