"","gene","baseMean","log2FoldChange","lfcSE","stat","pvalue","padj","Cont_B1_untr_smp2_S2.count","Cont_B1_untr_smp5_S5.count","Cont_B1_untr_smp6_S6.count","Cont_untr_smp10_S10.count","Cont_untr_smp11_S11.count","Cont_untr_smp12_S12.count","Cont_untr_smp13_S2.count","Cont_untr_smp14_S3.count","Cont_untr_smp15_S4.count","Cont_untr_smp16_S5.count","Cont_untr_smp17_S6.count","Cont_untr_smp19_S8.count","Cont_untr_smp20_S9.count","Muta_untr_smp4_S4.count"
"1","BRCA1",2605.49886595776,0.291084070715793,0.173189175943708,1.68072900127664,0.0928155647634155,0.0928155647634155,2282.21959829583,2197.77607334637,2826.32128297055,2590.51269953647,2885.41801781959,3141.27569959333,2579.21447133655,2935.19830321738,2494.27849649717,2492.73464583708,2360.46792569226,2359.20226232439,2194.57437745359,3137.79026948812
"2","BRCA2",3543.27325025155,-0.308773727304428,0.172399018425621,-1.79104109828585,0.0732867000931999,0.0928155647634155,3987.99650689924,4141.22434781205,3220.25802261758,3513.39091586361,3154.30337295059,2897.38458396346,3528.78129644812,3100.80711616802,3648.94449387362,3651.20443171936,3855.79642363135,3857.86497890756,4147.26603914029,2900.60297352681
