"","gene","baseMean","log2FoldChange","lfcSE","stat","pvalue","padj","Cont_B2_untr_00007-00007_0074.count","Cont_B2_untr_00016-00016_0075.count","Cont_B2_untr_00017-00017_0075.count","Cont_B2_untr_00018-00018_0075.count","Cont_untr_00001_0074.count","Cont_untr_00002_0074.count","Cont_untr_00003_0074.count","Cont_untr_00004_0074.count","Cont_untr_00005_0074.count","Cont_untr_00009-00009_0074.count","Cont_untr_00010-00010_0074.count","Cont_untr_00011-00011_0075.count","Cont_untr_00012-00012_0075.count","Cont_untr_00013-00013_0075.count","Muta_untr_00008-00008_0074.count"
"1","BRCA1",1624.53430170663,0.198554366128688,0.124001340458247,1.60122757862882,0.109326522643431,0.109326522643431,1481.26855972427,1843.77114374529,1565.3498768083,1504.42159791435,1680.94915245107,1641.15897357467,1460.05851825667,1681.27307487957,1376.06800471109,1624.01052595823,1821.63537556478,1723.81802102001,1583.64693376842,1535.46811057946,1845.11665664328
"2","BRCA2",2320.78106123112,-0.207600012574998,0.124758923198617,-1.66400933297971,0.0961105643057745,0.109326522643431,2526.7076363267,2029.93337540975,2390.98787865707,2487.82162293782,2226.55906982583,2280.54237375542,2563.41272250843,2226.13008988684,2719.8747216652,2304.62335156209,2054.60029570714,2171.18775628726,2363.36300819263,2437.51892697629,2028.45308876834
