"","gene","baseMean","log2FoldChange","lfcSE","stat","pvalue","padj","Cont_B1_untr_22-03-006-0289_U.count","Cont_B1_untr_26-06-009-0425_U.count","Cont_B1_untr_30-99-003-3193_U.count","Cont_B1_untr_36-01-008-0483_U.count","Cont_untr_02-07-111-0075_U.count","Cont_untr_04-07-111-0082_U.count","Cont_untr_06-07-111-0085_U.count","Cont_untr_08-07-111-0097_U.count","Cont_untr_10-07-111-0134_U.count","Cont_untr_12-08-111-0021_U.count","Cont_untr_14-08-111-0059_U.count","Cont_untr_18-08-111-0065_U.count","Cont_untr_20-08-111-0066_U.count","Muta_untr_16-08-111-0064_U.count"
"1","BRCA1",69254.9830844771,0.0396177909973593,0.102008378462388,0.388377813612311,0.697736460358702,0.697736460358702,63410.8066502429,63336.9621055079,74768.3665031886,69615.1409792023,68594.4166672997,65686.3542351565,74422.1735525802,74849.2557544752,70169.3061571007,64548.6367443223,68217.9892669069,64258.0620549217,76651.2647297782,71041.0277819963
"2","BRCA2",56278.9439825173,-0.0459193534484704,0.101863309687212,-0.45079384902644,0.652138134908698,0.697736460358702,61213.5907204684,61284.9596271554,51915.0457216046,55758.0306660927,56587.7421827127,59092.9913943256,52156.5412598481,51858.9413671043,55317.6791694687,60134.5490985005,56899.9937883792,60406.4772794594,50639.7797769769,54638.8937031458
