"","gene","baseMean","log2FoldChange","lfcSE","stat","pvalue","padj","Cont_B1_trea_T010080483.count","Cont_B1_trea_T060090425.count","Cont_B1_trea_T990033193.count","Cont_trea_T07III0075.count","Cont_trea_T07III0082.count","Cont_trea_T07III0085.count","Cont_trea_T07III0097.count","Cont_trea_T07III0134.count","Cont_trea_T08III0021.count","Cont_trea_T08III0059.count","Cont_trea_T08III0065.count","Cont_trea_T08III0066.count","Muta_trea_T030060289.count"
"1","BRCA1",31638.0216506158,0.133109731067192,0.154265510787837,0.862861247387041,0.388213759598077,0.388213759598077,36916.2578845974,26473.4836491688,33569.0365765268,30537.9406705781,35353.9445398727,33903.9943624746,30332.3689101591,29670.2829807756,26921.1354931209,31966.813997886,28793.3933188363,32415.3200029696,34440.309071039
"2","BRCA2",59218.0443801436,-0.14719739351528,0.154516540579893,-0.952631951005734,0.340776582700919,0.388213759598077,50262.4132104935,70089.0080266798,55274.157295245,60760.488992909,52483.5412888119,54728.0709211793,61172.2814487897,62537.3276413646,68923.5492483182,58044.5773577398,64441.8734337548,57241.4589092684,53875.8291673134
