"","gene","baseMean","log2FoldChange","lfcSE","stat","pvalue","padj","Cont_B2_untr_wt-RNA11-0049-1_S18.count","Cont_B2_untr_wt-RNA11-0057-1_S22.count","Cont_B2_untr_wt-RNA11-0059-1_S23.count","Cont_B2_untr_wt-RNA11-0061-1_S24.count","Cont_B2_untr_wt-RNA17-50740-1_S16.count","Cont_B2_untr_wt-RNAIVS10-2AG-1_S12.count","Cont_untr_wt-RNA11-0067-1_S25.count","Cont_untr_wt-RNA11-0069-1_S26.count","Cont_untr_wt-RNA11-0071-1_S27.count","Cont_untr_wt-RNA11-0073-1_S28.count","Cont_untr_wt-RNA11-0075-1_S29.count","Cont_untr_wt-RNA11-0077-1_S30.count","Muta_untr_wt-RNA11-0055-1_S21.count"
"1","BRCA1",49339.2980613096,0.0689738585679046,0.132724317602819,0.519677628136771,0.603288282285045,0.603288282285045,47618.6748824112,46454.9472328302,51631.7807663613,50706.4771003525,48289.4013823861,56053.1950364539,54302.1158599199,44527.0662707933,51778.9078447456,46578.0837300105,51322.4162795214,40585.9560667993,51561.8523444391
"2","BRCA2",83777.7690493572,-0.0796601916748729,0.133831655297006,-0.59522682804817,0.551691859550788,0.603288282285045,86197.5799437546,88356.8872529366,79497.8300974368,80948.5251138411,85000.3192727397,73227.12884293,75588.4825110818,92182.4606640353,79271.9411405821,88123.3019113597,79977.0321147197,101133.863355014,79605.6454212119
