"","gene","baseMean","log2FoldChange","lfcSE","stat","pvalue","padj","Cont_B1_untr_00006-00006_0074.count","Cont_B1_untr_00008-00008_0074.count","Cont_B1_untr_00014-00014_0075.count","Cont_B1_untr_00019-00019_0075.count","Cont_untr_00001_0074.count","Cont_untr_00002_0074.count","Cont_untr_00003_0074.count","Cont_untr_00004_0074.count","Cont_untr_00005_0074.count","Cont_untr_00009-00009_0074.count","Cont_untr_00010-00010_0074.count","Cont_untr_00011-00011_0075.count","Cont_untr_00012-00012_0075.count","Cont_untr_00013-00013_0075.count","Muta_untr_00018-00018_0075.count"
"1","BRCA1",1658.55853612799,-0.125908471142318,0.147280688245365,-0.854887851505411,0.392613236692415,0.445874436505702,1425.28598630917,1874.33234805244,1972.22683536993,1694.83035528775,1707.56540543198,1667.14518639905,1483.17717525602,1707.89445686827,1397.85675071743,1649.72520920105,1850.47926291515,1751.1130623207,1608.7224973928,1559.78080773376,1528.24270266439
"2","BRCA2",2350.14400757784,0.112447448710784,0.147508635194291,0.76231095598352,0.445874436505702,0.445874436505702,2709.769341721,2060.57174059778,1958.29211915206,2278.80994509886,2261.81454402802,2316.6526229352,2604.00195830851,2261.3787715941,2762.9413864496,2341.1149004358,2087.13296403054,2205.56647768174,2400.78464442717,2476.11475262132,2527.21394458594
