"","gene","baseMean","log2FoldChange","lfcSE","stat","pvalue","padj","Cont_B2_trea_T050020176.count","Cont_B2_trea_T060090915.count","Cont_B2_trea_T990050355.count","Cont_B2_trea_T990061923.count","Cont_trea_T07III0075.count","Cont_trea_T07III0082.count","Cont_trea_T07III0085.count","Cont_trea_T07III0097.count","Cont_trea_T07III0134.count","Cont_trea_T08III0021.count","Cont_trea_T08III0059.count","Cont_trea_T08III0064.count","Cont_trea_T08III0065.count","Cont_trea_T08III0066.count","Muta_trea_T060090425.count"
"1","BRCA1",33066.4065808766,-0.213626770969347,0.10797896544892,-1.9784109810758,0.047882361939443,0.054222370067533,30791.5104509246,32910.6686820579,32489.2049159027,32082.0255810815,33198.6363222346,38434.2467619793,36857.9659922948,32975.1536000074,32255.3817522336,29266.7078064895,34752.0038677266,34660.8618728382,31302.0908510727,35239.5870977724,28780.0531585335
"2","BRCA2",66705.0200208186,0.206662637415813,0.107354098932112,1.92505586159781,0.054222370067533,0.054222370067533,71218.2027470508,66632.3755183193,67496.7589960472,68353.4157978797,66054.4009367393,57056.3031392929,59496.3931173063,66502.0718563502,67986.0511658656,74928.6885522403,63101.8586015523,63267.7872300789,70056.5353482362,62228.7664182223,76195.6908870985
