"","gene","baseMean","log2FoldChange","lfcSE","stat","pvalue","padj","Cont_B2_untr_24-05-002-0176_U.count","Cont_B2_untr_28-06-009-0915_U.count","Cont_B2_untr_32-99-005-0355_U.count","Cont_B2_untr_34-99-006-1923_U.count","Cont_untr_02-07-111-0075_U.count","Cont_untr_04-07-111-0082_U.count","Cont_untr_06-07-111-0085_U.count","Cont_untr_08-07-111-0097_U.count","Cont_untr_10-07-111-0134_U.count","Cont_untr_12-08-111-0021_U.count","Cont_untr_14-08-111-0059_U.count","Cont_untr_16-08-111-0064_U.count","Cont_untr_18-08-111-0065_U.count","Cont_untr_20-08-111-0066_U.count","Muta_untr_30-99-003-3193_U.count"
"1","BRCA1",56624.1008307527,0.140515979387675,0.116888808216083,1.20213373317926,0.229311718621531,0.229311718621531,50690.5912630249,57032.3142401206,50985.3788576442,49536.0722983795,56876.1866524478,54464.9189469467,61708.3669446131,62062.4891634628,58182.0321269178,53521.5618122065,56564.0656938328,58904.8344227229,53280.6270383023,63556.654487819,61995.4185128489
"2","BRCA2",47410.2436249691,-0.148724712042569,0.116963512326778,-1.27154793049524,0.203533787262715,0.229311718621531,52646.2187111656,46792.2087642409,52341.8284618943,53873.2247110114,46920.655397291,48997.9239082502,43246.4524077714,42999.6925711867,45867.5618000089,49861.5485772852,47179.5639421738,45304.7356873997,50087.0222926066,41988.8047244993,43046.2124177516
