"","gene","baseMean","log2FoldChange","lfcSE","stat","pvalue","padj","Cont_B1_untr_26-06-009-0425_U.count","Cont_B1_untr_30-99-003-3193_U.count","Cont_B1_untr_36-01-008-0483_U.count","Cont_untr_02-07-111-0075_U.count","Cont_untr_04-07-111-0082_U.count","Cont_untr_06-07-111-0085_U.count","Cont_untr_08-07-111-0097_U.count","Cont_untr_10-07-111-0134_U.count","Cont_untr_12-08-111-0021_U.count","Cont_untr_14-08-111-0059_U.count","Cont_untr_18-08-111-0065_U.count","Cont_untr_20-08-111-0066_U.count","Muta_untr_34-99-006-1923_U.count"
"1","BRCA1",66887.2396252044,-0.220184960048738,0.100862567104601,-2.18301959160321,0.0290343672744389,0.0333180226663508,61544.4346322604,72652.3137808692,67644.9319794188,66653.0956392609,63827.3355725966,72315.9185905951,72730.9137495568,68183.4134826812,62721.8171293853,66287.3216777837,62439.4661232253,74481.9232691252,58051.2295008992
"2","BRCA2",55089.7383802797,0.214277216075252,0.100683300663665,2.12822995137049,0.0333180226663508,0.0333180226663508,59550.5067867186,50445.7749729404,54179.9978950127,54986.2273777781,57420.5744196332,50680.4358387813,50391.2584526757,53752.1089815209,58432.6545369829,55289.6418121766,58696.8867578119,49206.6008957697,63133.9302158348
