"","gene","baseMean","log2FoldChange","lfcSE","stat","pvalue","padj","Cont_B1_untr_22-03-006-0289_U.count","Cont_B1_untr_26-06-009-0425_U.count","Cont_B1_untr_30-99-003-3193_U.count","Cont_B1_untr_36-01-008-0483_U.count","Cont_untr_02-07-111-0075_U.count","Cont_untr_04-07-111-0082_U.count","Cont_untr_06-07-111-0085_U.count","Cont_untr_08-07-111-0097_U.count","Cont_untr_10-07-111-0134_U.count","Cont_untr_12-08-111-0021_U.count","Cont_untr_14-08-111-0059_U.count","Cont_untr_16-08-111-0064_U.count","Cont_untr_18-08-111-0065_U.count","Cont_untr_20-08-111-0066_U.count","Muta_untr_34-99-006-1923_U.count"
"1","BRCA1",62548.1466213865,-0.213134833582557,0.0999530958123701,-2.13234849656532,0.0329782080132448,0.0377050064218118,57799.2283292255,57731.9187028783,68151.6939400811,63454.5062771682,62524.1115908136,59873.3999315503,67836.1375474847,68225.4248473425,63959.6302669343,58836.3654495639,62180.9963646553,64754.2083506792,58571.5053459541,69867.9639304572,54455.1084460088
"2","BRCA2",51826.8005651629,0.207191151058485,0.0997047348017244,2.07804726095016,0.0377050064218118,0.0377050064218118,55796.4563740581,55861.5094454686,47320.7918318401,50823.6894609053,51579.9751467352,53863.5207890784,47540.9160739495,47269.6524666856,50422.3071407138,54812.9052038473,51864.5938545784,49803.591211567,55060.7689332442,46158.3813310467,59222.9492137248
