"","gene","baseMean","log2FoldChange","lfcSE","stat","pvalue","padj","Cont_B1_untr_smp2_S2.count","Cont_B1_untr_smp4_S4.count","Cont_B1_untr_smp5_S5.count","Cont_B1_untr_smp6_S6.count","Cont_untr_smp10_S10.count","Cont_untr_smp11_S11.count","Cont_untr_smp12_S12.count","Cont_untr_smp13_S2.count","Cont_untr_smp14_S3.count","Cont_untr_smp15_S4.count","Cont_untr_smp16_S5.count","Cont_untr_smp17_S6.count","Cont_untr_smp19_S8.count","Cont_untr_smp20_S9.count","Muta_untr_smp8_S8.count"
"1","BRCA1",2511.55903771449,-0.0092020542574381,0.184391848589307,-0.0499048864027264,0.960198183371332,0.960198183371332,2200.88336141913,3025.96226975529,2119.44932712216,2725.59375546487,2498.18917610388,2782.58433627514,3029.32348229228,2487.29360651133,2830.59049744407,2405.38467279194,2403.89584356934,2276.34298938582,2275.12243311263,2116.36173676758,2496.40807770193
"2","BRCA2",3415.23420403387,-0.0113117658294723,0.1825405499906,-0.0619685096273392,0.950587909464431,0.960198183371332,3845.86792786557,2797.22811393127,3993.63486748128,3105.49094694823,3388.17684970341,3041.8868611851,2794.12442485339,3403.01873108049,2990.29716248175,3518.89942111847,3521.07881682879,3718.37933568111,3720.37416952312,3999.46123840943,3390.59419341674
