"","gene","baseMean","log2FoldChange","lfcSE","stat","pvalue","padj","Cont_B1_untr_smp2_S2.count","Cont_B1_untr_smp5_S5.count","Cont_B1_untr_smp6_S6.count","Cont_untr_smp10_S10.count","Cont_untr_smp11_S11.count","Cont_untr_smp12_S12.count","Cont_untr_smp13_S2.count","Cont_untr_smp14_S3.count","Cont_untr_smp15_S4.count","Cont_untr_smp16_S5.count","Cont_untr_smp17_S6.count","Cont_untr_smp19_S8.count","Cont_untr_smp20_S9.count","Muta_untr_smp8_S8.count"
"1","BRCA1",2505.9569487172,0.0135452588738017,0.172286581636362,0.0786205097643133,0.937334473600564,0.937334473600564,2228.57742350784,2146.11869192728,2759.89033111066,2529.62428409968,2817.59803337819,3067.44193694374,2518.59161383834,2866.20826363655,2435.6520071011,2434.14444370583,2304.986571862,2303.75065713692,2142.99224993681,2527.82077385592
"2","BRCA2",3502.90738824788,-0.0312352702888165,0.17018668888755,-0.183535331070781,0.854377999387107,0.937334473600564,3894.26108992329,4043.88740422106,3144.56782880773,3430.81081281481,3080.16340281254,2829.28333270919,3445.83945192361,3027.92454280238,3563.17828694149,3565.3851063314,3765.16828869738,3767.18822384791,4049.78708929254,3433.25857434493
