"","gene","baseMean","log2FoldChange","lfcSE","stat","pvalue","padj","Cont_B1_untr_smp2_S2.count","Cont_B1_untr_smp4_S4.count","Cont_B1_untr_smp5_S5.count","Cont_B1_untr_smp6_S6.count","Cont_untr_smp10_S10.count","Cont_untr_smp11_S11.count","Cont_untr_smp12_S12.count","Cont_untr_smp13_S2.count","Cont_untr_smp14_S3.count","Cont_untr_smp15_S4.count","Cont_untr_smp16_S5.count","Cont_untr_smp17_S6.count","Cont_untr_smp18_S7.count","Cont_untr_smp19_S8.count","Cont_untr_smp20_S9.count","Muta_untr_smp8_S8.count"
"1","BRCA1",2568.34445596535,-0.00609973063550291,0.178231083468539,-0.0342237196609963,0.972698752063454,0.972698752063454,2255.08818394465,3100.48768562979,2171.6485379674,2792.72149534491,2559.71624441638,2851.11567816907,3103.9316803497,2548.55233147296,2900.304167076,2464.62608993375,2463.10059283261,2332.40628193001,2492.28047707996,2331.1556649833,2168.48490437939,2557.89127993572
"2","BRCA2",3503.4850522983,-0.0130910904835573,0.176059441404811,-0.074356083258592,0.940727052505072,0.972698752063454,3940.586526834,2866.12011254281,4091.99276913944,3181.97504809814,3471.62312770373,3116.80447851259,2862.93998374141,3486.83054482891,3063.94419432008,3605.56522174676,3607.79829306742,3809.9580606178,3565.55780787819,3812.00202455743,4097.96263581465,3474.10000736942
