"","gene","baseMean","log2FoldChange","lfcSE","stat","pvalue","padj","Cont_B1_unt_2.count","Cont_B1_unt_4.count","Cont_B1_unt_5.count","Cont_B1_unt_6.count","Cont_unt_10.count","Cont_unt_11.count","Cont_unt_12.count","Cont_unt_13.count","Cont_unt_14.count","Cont_unt_15.count","Cont_unt_16.count","Cont_unt_17.count","Cont_unt_18.count","Cont_unt_19.count","Cont_unt_20.count","Muta_unt_8.count"
"1","BRCA2",1258.10224834556,-0.942302327484718,0.293372415697148,-3.21196635084284,0.00131829815118268,0.00263659630236537,1486.44187965383,1076.08648951206,812.327325893997,999.125126651214,1391.9290970382,1507.75103556729,1279.42075431549,1355.79781601723,961.727437635744,1274.99829738589,1466.1276689182,1416.73369541045,1743.19735523484,1365.04809984313,1317.84396597982,675.07992847156
"2","BRCA1",285.449137638525,0.888768492223322,0.299045260510813,2.97201999023551,0.00295847420775493,0.00295847420775493,227.712393927947,314.548358472757,416.680847807525,338.777626367204,243.174195848742,224.494117971789,264.558189875405,249.654657097065,351.951317602868,265.475835963635,230.867506306925,238.916629107679,194.172643639154,247.962865843064,256.844700578091,501.394315806547
