"","gene","baseMean","log2FoldChange","lfcSE","stat","pvalue","padj","Cont_B2_untr_wt-RNA11-0049-1_S18.count","Cont_B2_untr_wt-RNA11-0057-1_S22.count","Cont_B2_untr_wt-RNA11-0059-1_S23.count","Cont_B2_untr_wt-RNA11-0061-1_S24.count","Cont_B2_untr_wt-RNA17-50740-1_S16.count","Cont_B2_untr_wt-RNAIVS10-2AG-1_S12.count","Cont_untr_wt-RNA11-0067-1_S25.count","Cont_untr_wt-RNA11-0069-1_S26.count","Cont_untr_wt-RNA11-0071-1_S27.count","Cont_untr_wt-RNA11-0073-1_S28.count","Cont_untr_wt-RNA11-0075-1_S29.count","Cont_untr_wt-RNA11-0077-1_S30.count","Muta_untr_wt-RNA11-0047-1_S17.count"
"1","BRCA1",46441.517825823,-0.249333342130482,0.134571871260406,-1.85278944102669,0.0639125442549136,0.078161762151898,45546.875964128,44433.7799142614,49385.3791643651,48500.333719297,46188.420416502,53614.4260213644,51939.5330039945,42589.777424307,49526.1050204853,44551.5589742117,49089.4745440749,38820.1375074982,39553.9300612097
"2","BRCA2",81578.6783834498,0.238647211010841,0.135483156064262,1.76145299492172,0.078161762151898,0.078161762151898,82447.2854778314,84512.6453901475,76039.0291373419,77426.6071440191,81302.1153651791,70041.1542919707,72299.769906461,88171.7753024615,75822.9681838413,84289.2229071382,76497.3819767865,96733.7193103065,94939.1445913627
