"","gene","baseMean","log2FoldChange","lfcSE","stat","pvalue","padj","Cont_B1_trea_R9_08.count","Cont_B1_trea_R9_10.count","Cont_B1_trea_R9_16.count","Cont_trea_R9_02.count","Muta_trea_R9_04.count"
"1","BRCA1",306535.390813639,0.27999928163941,0.346236189633622,0.808694440450313,0.418690926836383,0.418690926836383,339326.51797996,212120.411156916,339325.832525868,285000.273949531,356903.918455918
"2","BRCA2",1063347.37996741,-0.332979729740131,0.350785515111599,-0.949240249085532,0.342498435130212,0.418690926836383,926089.963464778,1481455.18351945,926091.834209928,1102619.58097044,880480.337672464
