"","gene","baseMean","log2FoldChange","lfcSE","stat","pvalue","padj","Cont_B2_trea_R9_06.count","Cont_B2_trea_R9_12.count","Cont_B2_trea_R9_14.count","Cont_B2_trea_R9_18.count","Cont_B2_trea_R9_20.count","Cont_trea_R9_02.count","Muta_trea_R9_08.count"
"1","BRCA1",305310.023460221,0.042311551530475,0.239453305503889,0.176700636649962,0.859743540770624,0.859743540770624,364622.792780404,274881.80956798,274983.894071203,271815.183695875,374857.304942726,262943.663448519,313065.51571484
"2","BRCA2",892688.258889703,-0.073485323463119,0.236210212903345,-0.311101381095611,0.755723551251893,0.859743540770624,733604.571309347,973105.306632278,972744.052849954,984083.905653223,713575.390049166,1017286.15201885,854418.433715104
