"","gene","baseMean","log2FoldChange","lfcSE","stat","pvalue","padj","Cont_B1_untr_00006-00006_0074.count","Cont_B1_untr_00008-00008_0074.count","Cont_B1_untr_00014-00014_0075.count","Cont_B1_untr_00019-00019_0075.count","Cont_untr_00001_0074.count","Cont_untr_00002_0074.count","Cont_untr_00003_0074.count","Cont_untr_00004_0074.count","Cont_untr_00005_0074.count","Cont_untr_00009-00009_0074.count","Cont_untr_00010-00010_0074.count","Cont_untr_00011-00011_0075.count","Cont_untr_00012-00012_0075.count","Cont_untr_00013-00013_0075.count","Muta_untr_00016-00016_0075.count"
"1","BRCA1",1592.51507403489,0.1675405798615,0.150053408490903,1.1165396477592,0.264191208881846,0.264191208881846,1349.82774109758,1775.10045263923,1867.81215818533,1605.10174940107,1617.16257377883,1578.88230337978,1404.65402407251,1617.47420439979,1323.85067861716,1562.38458383647,1752.51021016274,1658.40470756309,1523.55265930297,1477.20206648683,1773.80599759995
"2","BRCA2",2196.35391467629,-0.181002244288446,0.150853530948055,-1.1998542105771,0.230195965942095,0.264191208881846,2566.30729872154,1951.47986067218,1854.61518109029,2158.16398261862,2142.06836106837,2194.00317337163,2466.13950811329,2141.65565952935,2616.66428090966,2217.17035602683,1976.63486575286,2088.79820962746,2273.68103284357,2345.02297457111,1952.90397522761
