"","gene","baseMean","log2FoldChange","lfcSE","stat","pvalue","padj","Cont_B1_trea_T010080483.count","Cont_B1_trea_T030060289.count","Cont_B1_trea_T060090425.count","Cont_B1_trea_T990033193.count","Cont_trea_T07III0075.count","Cont_trea_T07III0082.count","Cont_trea_T07III0085.count","Cont_trea_T07III0097.count","Cont_trea_T07III0134.count","Cont_trea_T08III0021.count","Cont_trea_T08III0059.count","Cont_trea_T08III0064.count","Cont_trea_T08III0065.count","Cont_trea_T08III0066.count","Muta_trea_T990061923.count"
"1","BRCA1",33742.7388137739,-0.101229436180997,0.145334281700763,-0.696528272589013,0.486098057791473,0.5460922296389,39528.889283218,36877.7130229367,28347.0607281052,35944.7789731544,32699.1668407543,37856.0081525689,36303.4423370488,32479.0463891429,31770.1034220527,28826.3937155474,34229.1641587778,34139.3933842156,30831.1546675837,34709.4117579042,31599.3553735981
"2","BRCA2",63597.2108202249,0.0882403500605952,0.146183778674159,0.603626140060872,0.5460922296389,0.5460922296389,53819.5765431011,57688.720586299,75049.3359028451,59186.010965064,65060.6204372894,56197.8979365142,58601.2770549533,65501.5562018801,66963.2092215727,73801.3954653818,62152.498745616,62315.9309979285,69002.5432190097,61292.5421289357,67325.0468969828
