"","gene","baseMean","log2FoldChange","lfcSE","stat","pvalue","padj","Cont_B1_untr_wt-RNA11-0047-1_S17.count","Cont_B1_untr_wt-RNA11-0051-1_S19.count","Cont_B1_untr_wt-RNA11-0053-1_S20.count","Cont_B1_untr_wt-RNA11-0055-1_S21.count","Cont_untr_wt-RNA11-0067-1_S25.count","Cont_untr_wt-RNA11-0069-1_S26.count","Cont_untr_wt-RNA11-0071-1_S27.count","Cont_untr_wt-RNA11-0073-1_S28.count","Cont_untr_wt-RNA11-0075-1_S29.count","Cont_untr_wt-RNA11-0077-1_S30.count","Muta_untr_wt-RNA17-50740-1_S16.count"
"1","BRCA1",47898.5355823542,0.00902574551702632,0.14548167839987,0.0620404274703114,0.950530637526304,0.950530637526304,41253.6062441436,48279.5508154869,49340.972423001,51437.7634721235,54171.4322631323,44419.907330805,51654.2966061643,46465.9888066926,51198.9036345898,40488.2818116826,48173.1879980743
"2","BRCA2",85969.1822980136,-0.0217662671889894,0.146735428911483,-0.148336821928122,0.882076957093033,0.950530637526304,99018.7847848996,84608.9470447086,82788.8417615707,79414.0662920471,75406.571095406,91960.6141424119,79081.1651049058,87911.2241705163,79784.5592054851,100890.474367109,84795.7573090895
