"","gene","baseMean","log2FoldChange","lfcSE","stat","pvalue","padj","Cont_B1_untr_wt-RNA11-0047-1_S17.count","Cont_B1_untr_wt-RNA11-0053-1_S20.count","Cont_B1_untr_wt-RNA11-0055-1_S21.count","Cont_untr_wt-RNA11-0067-1_S25.count","Cont_untr_wt-RNA11-0069-1_S26.count","Cont_untr_wt-RNA11-0071-1_S27.count","Cont_untr_wt-RNA11-0073-1_S28.count","Cont_untr_wt-RNA11-0075-1_S29.count","Cont_untr_wt-RNA11-0077-1_S30.count","Muta_untr_wt-RNA17-50740-1_S16.count"
"1","BRCA1",48106.4070338549,0.0103941816690715,0.154257352048171,0.0673820828055289,0.946277532617494,0.946277532617494,41465.6242178452,49594.5544476046,51702.1217034636,54449.839858167,44648.1981301246,51919.7676836407,46704.7951969639,51462.0342743721,40696.3664920272,48420.76833434
"2","BRCA2",86547.7332270282,-0.0245150619102631,0.155419589349737,-0.157734697491044,0.87466585809262,0.946277532617494,99527.6799826733,83214.3251089298,79822.2053846394,75794.1141458927,92433.2347166095,79487.5932916752,88363.0333894233,80194.6024020801,101408.988889561,85231.5549587973
