"","gene","baseMean","log2FoldChange","lfcSE","stat","pvalue","padj","Cont_B1_untr_wt-RNA11-0047-1_S17.count","Cont_B1_untr_wt-RNA11-0053-1_S20.count","Cont_B1_untr_wt-RNA11-0055-1_S21.count","Cont_untr_wt-RNA11-0067-1_S25.count","Cont_untr_wt-RNA11-0069-1_S26.count","Cont_untr_wt-RNA11-0071-1_S27.count","Cont_untr_wt-RNA11-0073-1_S28.count","Cont_untr_wt-RNA11-0075-1_S29.count","Cont_untr_wt-RNA11-0077-1_S30.count","Muta_untr_wt-RNA11-0059-1_S23.count","Muta_untr_wt-RNAIVS10-2AG-1_S12.count"
"1","BRCA1",48156.6932207182,0.167416483715531,0.113081670008784,1.4804917870644,0.138742050909987,0.138742050909987,40629.7788053746,48594.8497138528,50659.9335764068,53352.2644637606,43748.1998234288,50873.1923467564,45763.3409311202,50424.6857217817,39876.0274309804,50728.6388119367,55072.7138025014
"2","BRCA2",83142.8573690403,-0.179108260219188,0.113918348776843,-1.57225119695201,0.115892306318321,0.138742050909987,97521.4457513902,81536.9281516641,78213.1852518778,74266.2904655283,90570.0071237533,77885.3181190616,86581.8510851966,78578.0756576489,99364.8320790591,78107.255831335,71946.2415429283
