"","gene","baseMean","log2FoldChange","lfcSE","stat","pvalue","padj","Cont_B1_untr_wt-RNA11-0047-1_S17.count","Cont_B1_untr_wt-RNA11-0051-1_S19.count","Cont_B1_untr_wt-RNA11-0053-1_S20.count","Cont_B1_untr_wt-RNA11-0055-1_S21.count","Cont_untr_wt-RNA11-0067-1_S25.count","Cont_untr_wt-RNA11-0069-1_S26.count","Cont_untr_wt-RNA11-0071-1_S27.count","Cont_untr_wt-RNA11-0073-1_S28.count","Cont_untr_wt-RNA11-0075-1_S29.count","Cont_untr_wt-RNA11-0077-1_S30.count","Muta_untr_wt-RNA11-0059-1_S23.count","Muta_untr_wt-RNAIVS10-2AG-1_S12.count"
"1","BRCA1",47961.8903888375,0.166046563210364,0.106370078851631,1.56102698242775,0.118517384603616,0.118517384603616,40507.9879951985,47406.9455473351,48449.1830060574,50508.0766248026,53192.3370483323,43617.0613122948,50720.6961359885,45626.161883332,50273.533943271,39756.4960470985,50576.5759112345,54907.6292111053
"2","BRCA2",82909.1381956244,-0.176358466450813,0.107311030443213,-1.64343279271872,0.10029341993534,0.118517384603616,97229.1179013053,83079.723767422,81292.5150923061,77978.7353612223,74043.6716881065,90298.5167324791,77651.8510347346,86322.3154908553,78342.5319806266,99066.9785401588,77873.1234720648,71730.5772862113
