"","gene","baseMean","log2FoldChange","lfcSE","stat","pvalue","padj","Cont_B2_untr_00007-00007_0074.count","Cont_B2_untr_00016-00016_0075.count","Cont_B2_untr_00017-00017_0075.count","Cont_B2_untr_00018-00018_0075.count","Cont_untr_00001_0074.count","Cont_untr_00002_0074.count","Cont_untr_00003_0074.count","Cont_untr_00004_0074.count","Cont_untr_00005_0074.count","Cont_untr_00009-00009_0074.count","Cont_untr_00010-00010_0074.count","Cont_untr_00011-00011_0075.count","Cont_untr_00012-00012_0075.count","Cont_untr_00013-00013_0075.count","Muta_untr_00006-00006_0074.count"
"1","BRCA1",1624.38676497742,-0.196571439799135,0.124039574207982,-1.58474777952346,0.113023651404637,0.12655901671926,1508.49889610961,1877.66540831477,1594.12589006154,1532.07755935877,1711.85024095889,1671.32859448431,1486.89894792312,1712.18011809197,1401.3644267619,1653.86490491258,1855.12271567094,1755.50717304536,1612.75930399934,1563.69480376454,1428.86249120363
"2","BRCA2",2406.83269916957,0.18752559630202,0.122741210864266,1.52781282652814,0.12655901671926,0.12655901671926,2573.15640379218,2067.24988245997,2434.94169365008,2533.55554418699,2267.49017043898,2322.46585587531,2610.53624394559,2267.05330451067,2769.87450267095,2346.98951716558,2092.37025769156,2211.10095944768,2406.80899190116,2482.32812777344,2716.56903203341
