"","gene","baseMean","log2FoldChange","lfcSE","stat","pvalue","padj","Cont_B2_untr_050020176.count","Cont_B2_untr_060090915.count","Cont_B2_untr_990050355.count","Cont_B2_untr_990061923.count","Cont_untr_07III0075.count","Cont_untr_07III0082.count","Cont_untr_07III0085.count","Cont_untr_07III0097.count","Cont_untr_07III0134.count","Cont_untr_08III0021.count","Cont_untr_08III0059.count","Cont_untr_08III0064.count","Cont_untr_08III0065.count","Cont_untr_08III0066.count","Muta_untr_010080483.count"
"1","BRCA1",20650.168878195,0.121644821596437,0.123667884812761,0.983641159389228,0.325291980183886,0.325291980183886,19801.8623010173,18478.5840626674,18935.4800419165,17747.7202045016,19595.2472079297,21524.344349743,21366.79628326,21718.0378832784,20912.195324525,22986.8443653437,20528.0386506115,20602.8346854177,19320.686657847,23900.661788385,22333.1993664808
"2","BRCA2",28612.9022802105,-0.130756636631823,0.123396425685499,-1.05964687311999,0.289305280678495,0.325291980183886,29647.9736594071,31771.1081063763,31004.5000500735,33079.4651449855,29960.5861399997,27275.3995368401,27476.5146877786,27032.1423630902,28073.8144798818,25540.0472799516,28599.1809495292,28495.3551718441,30386.3471472078,24563.5496249343,26287.5498612574
