"","gene","baseMean","log2FoldChange","lfcSE","stat","pvalue","padj","Cont_B2_trea_R9_06.count","Cont_B2_trea_R9_12.count","Cont_B2_trea_R9_14.count","Cont_B2_trea_R9_18.count","Cont_B2_trea_R9_20.count","Cont_trea_R9_02.count","Muta_trea_R9_10.count"
"1","BRCA1",303154.519854825,-0.635479204724523,0.251836863728411,-2.52337642438973,0.0116233905265135,0.0150824261963032,383085.447972486,288800.4349779,288907.688524366,285578.530672298,393838.184099008,276257.801481894,205613.551255821
"2","BRCA2",1014793.65416207,0.604305413899261,0.248645062589407,2.43039378142474,0.0150824261963032,0.0150824261963032,770750.598698745,1022378.44067016,1021998.89482231,1033912.94045274,749707.240939704,1068796.38074917,1436011.08280167
