"","gene","baseMean","log2FoldChange","lfcSE","stat","pvalue","padj","Cont_B2_untr_24-05-002-0176_U.count","Cont_B2_untr_28-06-009-0915_U.count","Cont_B2_untr_32-99-005-0355_U.count","Cont_B2_untr_34-99-006-1923_U.count","Cont_untr_02-07-111-0075_U.count","Cont_untr_04-07-111-0082_U.count","Cont_untr_06-07-111-0085_U.count","Cont_untr_08-07-111-0097_U.count","Cont_untr_10-07-111-0134_U.count","Cont_untr_12-08-111-0021_U.count","Cont_untr_14-08-111-0059_U.count","Cont_untr_16-08-111-0064_U.count","Cont_untr_18-08-111-0065_U.count","Cont_untr_20-08-111-0066_U.count","Muta_untr_26-06-009-0425_U.count"
"1","BRCA1",57076.0536663871,-0.0988647461813868,0.11627054718755,-0.850299139144097,0.395158795068228,0.435617354423667,51671.8219774647,58136.3033050263,51972.315850801,50494.9546945163,57977.1535157857,55519.2102858051,62902.8715553365,63263.8486083702,59308.2765744372,54557.5923462049,57658.9907521023,60045.0703387859,54311.9937363808,64786.936872313,53533.4645824766
"2","BRCA2",48855.9497241461,0.0906560430707837,0.116283049411074,0.779615288125998,0.435617354423667,0.435617354423667,53665.3050053156,47697.9774935444,53355.0225962901,54916.062473508,47828.910500858,49946.3892286306,44083.5850261873,43832.0485964575,46755.4319019988,50826.7313008344,48092.8308045335,46181.71102066,51056.569568418,42801.5927356809,51799.0776092737
