"","gene","baseMean","log2FoldChange","lfcSE","stat","pvalue","padj","Cont_B1_trea_R9_04.count","Cont_B1_trea_R9_08.count","Cont_B1_trea_R9_10.count","Cont_B1_trea_R9_16.count","Cont_trea_R9_02.count","Muta_trea_R9_20.count"
"1","BRCA1",325388.136648029,0.406498470014877,0.334553383957756,1.21504814928491,0.224347727731572,0.224347727731572,359361.272862224,341662.848490821,213580.902342552,341662.158317241,286962.557473955,409099.080401379
"2","BRCA2",1022016.90866497,-0.459265362303167,0.341645443806542,-1.34427480485655,0.178859539777119,0.224347727731572,886542.619775741,932466.276905665,1491655.29686849,932468.160531267,1110211.33590969,778757.761998986
