"","gene","baseMean","log2FoldChange","lfcSE","stat","pvalue","padj","Cont_B1_trea_R9_08.count","Cont_B1_trea_R9_10.count","Cont_B1_trea_R9_16.count","Cont_trea_R9_02.count","Muta_trea_R9_20.count"
"1","BRCA1",322516.832806034,0.467014592997019,0.353736807033307,1.32023183256993,0.186757626942998,0.186757626942998,345870.259530632,216211.046797467,345869.560857901,290496.361156916,414136.935687255
"2","BRCA2",1062031.06524169,-0.519995026830991,0.358295745091961,-1.45130114982953,0.146696021270137,0.186757626942998,943949.143494858,1510024.30301405,943951.050316388,1123883.04605278,788347.783330382
