"","gene","baseMean","log2FoldChange","lfcSE","stat","pvalue","padj","Cont_trea_071110075t_BRCA2c8632neg_CAGATCCA-TGAACCTT_L001_R.Aligned.sortedByCoord.out.count","Cont_trea_071110082t_BRCA2c8632neg_CAGATCCA-TGCTAAGT_L001_R.Aligned.sortedByCoord.out.count","Cont_trea_071110085t_BRCA2c8632neg_CAGATCCA-TGTTCTCT_L001_R.Aligned.sortedByCoord.out.count","Cont_trea_071110097t_BRCA2c8632neg_CAGATCCA-TAAGACAC_L001_R.Aligned.sortedByCoord.out.count","Cont_trea_071110134t_BRCA2c8632neg_CAGATCCA-CTAATCGA_L001_R.Aligned.sortedByCoord.out.count","Cont_trea_081110021t_BRCA2c8632neg_CAGATCCA-CTAGAACA_L001_R.Aligned.sortedByCoord.out.count","Cont_trea_081110059t_BRCA2c8632neg_CAGATCCA-TAAGTTCC_L001_R.Aligned.sortedByCoord.out.count","Cont_trea_081110064t_BRCA2c8632neg_CAGATCCA-TAGACCTA_L001_R.Aligned.sortedByCoord.out.count","Cont_trea_081110065t_BRCA2c8632neg_ATCACGAC-TAAGTTCC_L001_R.Aligned.sortedByCoord.out.count","Cont_trea_081110066t_BRCA2c8632neg_ATCACGAC-TAGACCTA_L001_R.Aligned.sortedByCoord.out.count","Muta_trea_990033193t_BRCA2c8632_ATCACGAC-TGCTAAGT_L001_R.Aligned.sortedByCoord.out.count"
"1","BRCA1",2.21582653253256,2.50374234476012,1.10904346584259,2.2575691772891,0.0239725321028899,0.0479450642057798,0,0.952295084612122,0.889619351782576,1.07362005011791,0,1.78723739666593,0.719748478753166,2.04491322707783,3.95519427387987,4.29789393672002,8.65357005824869
"2","BRCA2",6758.43821549223,2.52337279318879e-07,0.46734588218597,5.39936883874088e-07,0.999999569192697,0.999999569192697,6758.43821549223,6758.43821549223,6758.43821549223,6758.43821549223,6758.43821549223,6758.43821549223,6758.43821549223,6758.43821549223,6758.43821549222,6758.43821549223,6758.43821549223
