"","gene","baseMean","log2FoldChange","lfcSE","stat","pvalue","padj","Cont_B1_unt_13.count","Cont_B1_unt_15.count","Cont_B1_unt_18.count","Cont_unt_1.count","Cont_unt_10.count","Cont_unt_2.count","Cont_unt_3.count","Cont_unt_4.count","Cont_unt_5.count","Cont_unt_6.count","Cont_unt_7.count","Cont_unt_9.count","Muta_unt_17.count"
"1","BRCA1",1697.58391753281,-0.0909343140309083,0.126665953915476,-0.71790651883922,0.472814928162499,0.529066849282939,1435.75557374948,1587.17323146541,1949.62532126184,1704.81520606722,1872.20078138184,1736.20367718891,1819.15808429496,1577.35758130493,1708.77856174515,1808.17091759419,1580.08917771453,1689.14670532886,1600.11610882927
"2","BRCA2",1044.68417289876,0.080543539625147,0.127962436203217,0.629431120686356,0.529066849282939,0.529066849282939,1227.18653222168,1110.11190759613,903.732570793249,1033.50785316617,941.106275133118,1014.82327610338,968.546889288319,1117.0199608195,1031.11072617164,974.432165965746,1115.08890037211,1043.09465726634,1101.13253278646
