"","gene","baseMean","log2FoldChange","lfcSE","stat","pvalue","padj","Cont_B1_untr_26-06-009-0425_U.count","Cont_B1_untr_30-99-003-3193_U.count","Cont_B1_untr_36-01-008-0483_U.count","Cont_untr_02-07-111-0075_U.count","Cont_untr_04-07-111-0082_U.count","Cont_untr_06-07-111-0085_U.count","Cont_untr_08-07-111-0097_U.count","Cont_untr_10-07-111-0134_U.count","Cont_untr_12-08-111-0021_U.count","Cont_untr_14-08-111-0059_U.count","Cont_untr_18-08-111-0065_U.count","Cont_untr_20-08-111-0066_U.count","Muta_untr_22-03-006-0289_U.count"
"1","BRCA1",75713.8790214459,-0.134202127038156,0.100315443945916,-1.337801257307,0.18096123192879,0.200393687512311,69381.5675198749,81903.9356553005,76258.9086007664,75140.7707802711,71955.1754615115,81524.7035485012,81992.5446264796,76865.9609037088,70708.8791396678,74728.4187787151,70390.5732600989,83966.5295356885,69462.4594682125
"2","BRCA2",61788.1603681774,0.12829438390609,0.10019626956897,1.28043074316033,0.200393687512311,0.200393687512311,67133.7308101571,56869.5928931784,61079.3356806475,61988.2312717637,64732.5706204063,57134.1357199164,56808.1341820163,60596.9589439072,65873.5300819238,62330.2828186258,66171.4099110247,55472.6210886956,67055.5507640431
