"","gene","baseMean","log2FoldChange","lfcSE","stat","pvalue","padj","Cont_B1_untr_010080483.count","Cont_B1_untr_030060289.count","Cont_B1_untr_060090425.count","Cont_B1_untr_990033193.count","Cont_untr_07III0075.count","Cont_untr_07III0082.count","Cont_untr_07III0085.count","Cont_untr_07III0097.count","Cont_untr_07III0134.count","Cont_untr_08III0021.count","Cont_untr_08III0059.count","Cont_untr_08III0064.count","Cont_untr_08III0065.count","Cont_untr_08III0066.count","Muta_untr_060090915.count"
"1","BRCA1",19103.0181969836,-0.175056099378046,0.117555701190652,-1.48913321604147,0.136452292593848,0.157201082914869,20604.5959157265,18285.6133779422,16162.0066285419,18433.2412711607,18078.5629484927,19858.3467778038,19712.9930291574,20037.048311986,19293.5784659357,21207.6483872017,18939.1557562993,19008.1625317277,17825.2535548845,22050.7357762292,17048.330221665
"2","BRCA2",26323.6347762458,0.166777847575517,0.11790187044647,1.41454793672029,0.157201082914869,0.157201082914869,24252.8772352544,27328.6285178133,30919.4734732776,27109.7593676033,27641.6182331464,25164.2667346654,25349.8154484711,24939.8378166913,25900.8838670563,23563.2318162964,26385.5866468562,26289.7970486113,28034.4250749356,22662.3156840344,29312.004678974
