"","gene","baseMean","log2FoldChange","lfcSE","stat","pvalue","padj","Cont_B1_untr_010080483.count","Cont_B1_untr_060090425.count","Cont_B1_untr_990033193.count","Cont_untr_07III0075.count","Cont_untr_07III0082.count","Cont_untr_07III0085.count","Cont_untr_07III0097.count","Cont_untr_07III0134.count","Cont_untr_08III0021.count","Cont_untr_08III0059.count","Cont_untr_08III0065.count","Cont_untr_08III0066.count","Muta_untr_060090915.count"
"1","BRCA1",19354.4609064566,-0.182544807195557,0.126152629143755,-1.44701547985608,0.147892588088318,0.172063461370586,20799.3976418833,16314.8068485644,18607.5143912439,18249.4828385602,20046.0932517827,19899.3652873421,20226.4842812341,19475.9854592239,21408.1515434126,19118.2119362103,17993.7785857018,22259.209721062,17209.5099977138
"2","BRCA2",26497.0953422383,0.173211714339682,0.126838954331702,1.365603455597,0.172063461370586,0.172063461370586,24482.1708534851,31211.794993636,27366.0627642875,27902.94997523,25402.1768891491,25589.4798334131,25175.626156178,26145.7582099906,23786.0053300514,26635.0435081065,28299.4705249288,22876.5716797364,29589.1287309057
