"","gene","baseMean","log2FoldChange","lfcSE","stat","pvalue","padj","Cont_B1_untr_010080483.count","Cont_B1_untr_030060289.count","Cont_B1_untr_060090425.count","Cont_B1_untr_990033193.count","Cont_untr_07III0075.count","Cont_untr_07III0082.count","Cont_untr_07III0085.count","Cont_untr_07III0097.count","Cont_untr_07III0134.count","Cont_untr_08III0021.count","Cont_untr_08III0059.count","Cont_untr_08III0065.count","Cont_untr_08III0066.count","Muta_untr_060090915.count"
"1","BRCA1",18654.459132259,-0.176453189082128,0.122549704359035,-1.43984997764802,0.149909847966881,0.172938027173828,20113.6443678569,17849.916884385,15776.9099150022,17994.0272059422,17647.7999042125,19385.17631969,19243.2859560175,19559.619881759,18833.8649024891,20702.3277371411,18487.8871232269,17400.526185334,21525.3266439521,16642.1148246171
"2","BRCA2",25698.7734586797,0.167543368336816,0.122938387231519,1.36282386738405,0.172938027173828,0.172938027173828,23674.9970541706,26677.4615390067,30182.7464137855,26463.8074460838,26982.9935596664,24564.6706176187,24745.7982096213,24345.5892310942,25283.73616478,23001.7840121106,25756.8897940422,27366.4408814835,22122.3342639235,28613.5792341285
