"","gene","baseMean","log2FoldChange","lfcSE","stat","pvalue","padj","Cont_B1_unt_R9_07.count","Cont_B1_unt_R9_09.count","Cont_B1_unt_R9_15.count","Cont_unt_R9_01.count","Muta_unt_R9_03.count"
"1","BRCA1",187087.253673967,-0.204530947393522,0.293091032386265,-0.697841028189396,0.485276617616462,0.576909480284691,236415.97954246,149964.168450418,177870.769124242,204417.555579133,166767.795673582
"2","BRCA2",260489.122688673,0.163743005253195,0.293496385917826,0.557904673139792,0.576909480284691,0.576909480284691,201000.95711476,316874.615158281,267159.344951533,232464.565142803,284946.131075988
