"","gene","baseMean","log2FoldChange","lfcSE","stat","pvalue","padj","Cont_B2_trea_23-05-002-0176_T.count","Cont_B2_trea_27-06-009-0915_T.count","Cont_B2_trea_31-99-005-0355_T.count","Cont_B2_trea_33-99-006-1923_T.count","Cont_trea_01-07-111-0075_T.count","Cont_trea_03-07-111-0082_T.count","Cont_trea_05-07-111-0085_T.count","Cont_trea_07-07-111-0097_T.count","Cont_trea_09-07-111-0134_T.count","Cont_trea_11-08-111-0021_T.count","Cont_trea_13-08-111-0059_T.count","Cont_trea_15-08-111-0064_T.count","Cont_trea_17-08-111-0065_T.count","Cont_trea_19-08-111-0066_T.count","Muta_trea_35-01-008-0483_T.count"
"1","BRCA1",76667.4588843182,0.206422564242811,0.146436972887454,1.40963419396452,0.158647724876985,0.158647724876985,64951.4063374404,76296.6380057625,73569.4373068216,72032.8960971951,78794.102300042,92425.342043362,83776.494095669,70979.576021284,75449.6805418485,64826.1360912444,72154.1146959207,76719.0546552008,75207.5592751073,85264.7958236387,87564.6499742359
"2","BRCA2",91826.8046257746,-0.219140668934115,0.145632584476439,-1.50475025710725,0.132388296824034,0.158647724876985,107357.900935434,91393.8913883128,94781.8401561366,96803.6414610239,88497.0631512399,75445.1808673925,83233.9276364223,98240.1845440882,92419.8299729638,107565.359708889,96641.0117645904,90890.674794301,92717.3639777997,81781.0748250085,79633.1242030173
