"","gene","baseMean","log2FoldChange","lfcSE","stat","pvalue","padj","Cont_B2_trea_R9_06.count","Cont_B2_trea_R9_12.count","Cont_B2_trea_R9_14.count","Cont_B2_trea_R9_18.count","Cont_B2_trea_R9_20.count","Cont_trea_R9_02.count","Muta_trea_R9_16.count"
"1","BRCA1",335904.905025174,0.0423086383468419,0.239444556125738,0.176694926923394,0.859748025906229,0.859748025906229,401161.479840103,302427.592818719,302539.907164374,299053.661738907,412421.587890867,289293.130413582,344436.975309668
"2","BRCA2",982144.421511038,-0.0734824080539631,0.236207347252429,-0.311092812771121,0.755730064837898,0.859748025906229,807118.757441919,1070619.75438262,1070222.29952027,1082698.51390347,785082.460881712,1119227.94253431,940041.221912962
