"","gene","baseMean","log2FoldChange","lfcSE","stat","pvalue","padj","Cont_B2_trea_R9_06.count","Cont_B2_trea_R9_12.count","Cont_B2_trea_R9_14.count","Cont_B2_trea_R9_18.count","Cont_B2_trea_R9_20.count","Cont_trea_R9_02.count","Muta_trea_R9_16.count"
"1","BRCA1",335904.905025174,0.0423086383468436,0.239444556125743,0.176694926923398,0.859748025906226,0.859748025906226,401161.479840103,302427.592818719,302539.907164374,299053.661738907,412421.587890867,289293.130413582,344436.975309668
"2","BRCA2",982144.421511038,-0.0734824080539614,0.23620734725243,-0.311092812771112,0.755730064837905,0.859748025906226,807118.757441919,1070619.75438262,1070222.29952027,1082698.51390347,785082.460881712,1119227.94253431,940041.221912962
