"","gene","baseMean","log2FoldChange","lfcSE","stat","pvalue","padj","Cont_B1_unt_2.count","Cont_B1_unt_4.count","Cont_B1_unt_5.count","Cont_B1_unt_6.count","Cont_unt_10.count","Cont_unt_11.count","Cont_unt_12.count","Cont_unt_13.count","Cont_unt_14.count","Cont_unt_15.count","Cont_unt_16.count","Cont_unt_17.count","Cont_unt_18.count","Cont_unt_19.count","Cont_unt_20.count","Muta_unt_1.count"
"1","BRCA1",271.552918031574,-0.191996236817794,0.303616575069653,-0.632364148017109,0.527148955439536,0.633966966428361,229.935439843736,317.619141891959,420.74870129994,342.084948404732,245.548187854983,226.685745416687,267.140943467979,252.091914710688,355.387248013407,268.067548090935,233.121354058165,241.24905654999,196.068257202184,250.383607317303,259.35215110708,239.362443275423
"2","BRCA2",1317.89509405775,0.138462436053869,0.290795360638764,0.476150774034776,0.633966966428361,0.633966966428361,1500.9532924611,1086.59180120933,820.257684505411,1008.87910180316,1405.51782728192,1522.47047935261,1291.91112005006,1369.03381404765,971.116317245936,1287.44548881341,1480.44076391577,1430.56458094556,1760.21534751063,1378.37440391849,1330.70943893754,1441.84004292533
