"","gene","baseMean","log2FoldChange","lfcSE","stat","pvalue","padj","Cont_B1_unt_2.count","Cont_B1_unt_5.count","Cont_B1_unt_6.count","Cont_unt_10.count","Cont_unt_11.count","Cont_unt_12.count","Cont_unt_13.count","Cont_unt_14.count","Cont_unt_15.count","Cont_unt_16.count","Cont_unt_17.count","Cont_unt_19.count","Cont_unt_20.count","Muta_unt_1.count"
"1","BRCA1",257.972380135976,-0.206123467470439,0.290310810358392,-0.710009617678298,0.477698172080191,0.56442604355671,216.758906374023,396.637544930201,322.481646820586,231.476960218662,213.695436860425,251.832335168498,237.645696442261,335.021653343267,252.705840378698,219.762250623132,227.424192186637,236.035284221367,244.489882368399,225.645691967515
"2","BRCA2",1228.16374249936,0.158085659389836,0.274320992952911,0.576279845330585,0.56442604355671,0.56442604355671,1414.94062165216,773.252521486521,951.064920305792,1324.97412029162,1435.2247583734,1217.87768647061,1290.5808366196,915.466145763577,1213.66795984568,1395.60357096752,1348.58556068567,1299.38616061258,1254.45265367408,1359.21487824219
