"","gene","baseMean","log2FoldChange","lfcSE","stat","pvalue","padj","Cont_B2_untr_smp1_S1.count","Cont_B2_untr_smp3_S3.count","Cont_B2_untr_smp7_S7.count","Cont_B2_untr_smp8_S8.count","Cont_B2_untr_smp9_S9.count","Cont_untr_smp10_S10.count","Cont_untr_smp11_S11.count","Cont_untr_smp12_S12.count","Cont_untr_smp13_S2.count","Cont_untr_smp14_S3.count","Cont_untr_smp15_S4.count","Cont_untr_smp16_S5.count","Cont_untr_smp17_S6.count","Cont_untr_smp18_S7.count","Cont_untr_smp19_S8.count","Cont_untr_smp20_S9.count","Muta_untr_smp2_S2.count"
"1","BRCA1",2522.83500828987,-0.170433409273831,0.146096216654097,-1.16658331869987,0.243378683145389,0.272653293237,2420.47560953366,2634.27867519198,2613.43370907846,2559.08069336023,2175.99532444859,2560.90650644509,2852.44144024859,3105.37500127517,2549.73740230842,2901.65280168708,2465.77213526444,2464.24592881074,2333.49084536119,2493.43938163558,2332.23964688054,2169.49324475584,2256.13679464226
"2","BRCA2",3557.60678075383,0.157714203262619,0.143772212743439,1.09697277556728,0.272653293237,0.272653293237,3674.74734438584,3376.49786336151,3403.42909306887,3475.71545569566,4087.61738517912,3473.23742428676,3118.2537852589,2864.27124409519,3488.4519128251,3065.36892115866,3607.24180108825,3609.47591078181,3811.72968214828,3567.2157838664,3813.77459652632,4099.86817879469,3942.41889029379
