"","gene","baseMean","log2FoldChange","lfcSE","stat","pvalue","padj","Cont_B1_untr_010080483.count","Cont_B1_untr_060090425.count","Cont_B1_untr_990033193.count","Cont_untr_07III0075.count","Cont_untr_07III0082.count","Cont_untr_07III0085.count","Cont_untr_07III0097.count","Cont_untr_07III0134.count","Cont_untr_08III0021.count","Cont_untr_08III0059.count","Cont_untr_08III0065.count","Cont_untr_08III0066.count","Muta_untr_030060289.count"
"1","BRCA1",19000.5294540326,-0.0814621275679156,0.124868583459888,-0.652382891763036,0.514154198130851,0.565697246743376,20318.1835390644,15937.3480742542,18177.0116191135,17827.2634713328,19582.3075717707,19438.9743001468,19758.525080965,19025.389772241,20912.8533326015,18675.8936843654,17577.4751827126,21744.2214593919,18031.4358144646
"2","BRCA2",25733.6128665916,0.0721304435623088,0.125575315069829,0.574399861327833,0.565697246743376,0.565697246743376,23915.7522443906,30489.6800466634,26732.9225374626,27257.3883455368,24814.4730540753,24997.442564274,24593.1637905731,25540.8509046845,23235.6931810352,26018.8161160455,27644.735010306,22347.3001543789,26948.7493162645
