"","gene","baseMean","log2FoldChange","lfcSE","stat","pvalue","padj","Cont_B1_unt_01.008.0483_LCL_mRNA.count","Cont_B1_unt_01.008.0483_LCL_totRNA.count","Cont_B1_unt_06.009.0425_LCL_mRNA.count","Cont_B1_unt_06.009.0425_LCL_totRNA.count","Cont_B1_unt_99.003.3193_RNA_MT_mRNA.count","Cont_B1_unt_99.003.3193_RNA_MT_totRNA.count","Cont_unt_07.111.0075_LCL_mRNA.count","Cont_unt_07.111.0075_LCL_totRNA.count","Cont_unt_07.111.0085_RNA_MT_mRNA.count","Cont_unt_07.111.0085_RNA_MT_totRNA.count","Cont_unt_07.111.0097_RNA_MT_mRNA.count","Cont_unt_07.111.0097_RNA_MT_totRNA.count","Cont_unt_08.111.0021_LCL_mRNA.count","Cont_unt_08.111.0021_LCL_totRNA.count","Muta_unt_05.002.0176_LCL_mRNA.count","Muta_unt_05.002.0176_LCL_totRNA.count"
"1","BRCA1",429928.127903659,0.0557417977051593,0.22798921132334,0.244493137993731,0.806848915835142,0.856850167860712,404892.367339248,444392.199009932,339741.619808475,409214.439068446,304879.328303629,500121.687248143,397664.892312763,539510.944843865,426467.907178322,591845.901148586,322499.604871687,525422.985968629,339447.866303636,443397.915374218,348158.193017997,541192.194660962
"2","BRCA2",437538.671344301,-0.0410814149927094,0.227742706528801,-0.180385205826621,0.856850167860712,0.856850167860712,446602.667754247,406906.35841472,532245.685733115,441885.70622943,593106.828243062,361564.027351049,454719.576463946,335166.530234845,424008.485429669,305528.873404571,560701.497538225,344153.217951979,532706.283813527,407818.812712341,519378.877284367,334125.312949721
