"","gene","baseMean","log2FoldChange","lfcSE","stat","pvalue","padj","Cont_B1_unt_01.008.0483_LCL_mRNA.count","Cont_B1_unt_01.008.0483_LCL_totRNA.count","Cont_B1_unt_03.006.0289_LCL_mRNA.count","Cont_B1_unt_03.006.0289_LCL_totRNA.count","Cont_B1_unt_06.009.0425_LCL_mRNA.count","Cont_B1_unt_06.009.0425_LCL_totRNA.count","Cont_B1_unt_99.003.3193_RNA_MT_mRNA.count","Cont_B1_unt_99.003.3193_RNA_MT_totRNA.count","Cont_unt_07.111.0075_LCL_mRNA.count","Cont_unt_07.111.0075_LCL_totRNA.count","Cont_unt_07.111.0085_RNA_MT_mRNA.count","Cont_unt_07.111.0085_RNA_MT_totRNA.count","Cont_unt_07.111.0097_RNA_MT_mRNA.count","Cont_unt_07.111.0097_RNA_MT_totRNA.count","Cont_unt_08.111.0021_LCL_mRNA.count","Cont_unt_08.111.0021_LCL_totRNA.count","Muta_unt_05.002.0176_LCL_mRNA.count","Muta_unt_05.002.0176_LCL_totRNA.count"
"1","BRCA1",451544.858675675,0.0614027922908912,0.215177405087695,0.285358921704008,0.775369175431071,0.847122036014634,426961.901269058,468614.756670484,397910.69676598,476100.117880702,358259.971376829,431519.556862929,321497.435295152,527381.901162001,419340.477089191,568918.155409429,449713.462557144,624105.741664852,340078.143135666,554062.301875072,357950.206202063,467566.277455391,367135.308107237,570691.045382964
"2","BRCA2",461659.513279599,-0.041400820017954,0.214743691664931,-0.192791786789959,0.847122036014634,0.847122036014634,470945.711793127,429085.669282699,505329.155853181,422339.480604975,561256.887642089,465971.642081506,625435.398316957,381271.856426367,479505.050162223,353435.506653846,447119.984708381,322182.38525625,591263.74499607,362912.03321579,561742.591616768,430047.858874697,547688.745978556,352337.535569304
