"","gene","baseMean","log2FoldChange","lfcSE","stat","pvalue","padj","Cont_B2_unt_1.count","Cont_B2_unt_3.count","Cont_B2_unt_7.count","Cont_B2_unt_8.count","Cont_B2_unt_9.count","Cont_unt_10.count","Cont_unt_11.count","Cont_unt_12.count","Cont_unt_13.count","Cont_unt_14.count","Cont_unt_15.count","Cont_unt_16.count","Cont_unt_17.count","Cont_unt_18.count","Cont_unt_19.count","Cont_unt_20.count","Muta_unt_4.count"
"1","BRCA1",266.887435225472,0.226072425320774,0.33663513851474,0.671565144144557,0.501860574420829,0.501860574420829,232.951549983293,301.147952978271,254.390247865177,492.729139042335,226.520840162995,238.971620500167,220.614374716977,259.986052921673,245.34008538064,345.868838637145,260.887840103428,226.877617135476,234.787633708524,190.816920953704,243.677531933694,252.405869380174,309.112283429355
"2","BRCA2",1279.85633827619,-0.291024320106402,0.30893177955632,-0.942034259228245,0.346175100217658,0.501860574420829,1403.22294605321,1085.45635798761,1284.96655433294,663.413089168111,1443.05910228837,1367.87355574295,1481.69384100457,1257.30960019498,1332.36670129981,945.106710229409,1252.96357287341,1440.7898160356,1392.24947707862,1713.07113971579,1341.45712024104,1295.06877576951,1057.48939067937
