"","gene","baseMean","log2FoldChange","lfcSE","stat","pvalue","padj","Cont_B1_unt_R9_07.count","Cont_B1_unt_R9_09.count","Cont_B1_unt_R9_15.count","Cont_unt_R9_01.count","Muta_unt_R9_05.count"
"1","BRCA1",193071.812430563,0.00597366070414249,0.282860411414866,0.0211187584514294,0.983150921151283,0.983150921151283,237331.680307603,150545.01879759,178559.709016118,205209.318100493,193713.335931011
"2","BRCA2",253730.92107421,-0.0467617107643728,0.283329121600837,-0.165043785475226,0.868909518766759,0.983150921151283,201779.486258943,318101.953209272,268194.122791257,233364.961049129,247214.08206245
