"","gene","baseMean","log2FoldChange","lfcSE","stat","pvalue","padj","Cont_B1_unt_R9_03.count","Cont_B1_unt_R9_07.count","Cont_B1_unt_R9_09.count","Cont_B1_unt_R9_15.count","Cont_unt_R9_01.count","Muta_unt_R9_05.count"
"1","BRCA1",189496.80139685,0.044625336865086,0.26266899496007,0.169891908528716,0.865095144674446,0.865095144674446,168035.638050588,238213.318148843,151104.262237867,179223.021205141,205971.628045705,194432.940692955
"2","BRCA2",260079.968455777,-0.0810307436778,0.261192982663066,-0.310233233877987,0.756383599434858,0.865095144674446,287112.417310587,202529.055092068,319283.635818851,269190.408188741,234231.863353168,248132.430971247
