"","gene","baseMean","log2FoldChange","lfcSE","stat","pvalue","padj","Cont_B1_unt_2.count","Cont_B1_unt_4.count","Cont_B1_unt_5.count","Cont_B1_unt_6.count","Cont_unt_10.count","Cont_unt_11.count","Cont_unt_12.count","Cont_unt_13.count","Cont_unt_14.count","Cont_unt_15.count","Cont_unt_16.count","Cont_unt_17.count","Cont_unt_18.count","Cont_unt_19.count","Cont_unt_20.count","Muta_unt_3.count"
"1","BRCA1",272.800236084413,0.178446221219895,0.302894139650177,0.589137252460509,0.555769205397362,0.555769205397362,227.325320631148,314.01367844056,415.972559485173,338.201760598732,242.760840053478,224.112515210269,264.108484837467,249.230285592655,351.353058744545,265.024571079566,230.475069842451,238.51051046963,193.84258235428,247.541370103152,256.408107192446,305.923062715052
"2","BRCA2",1282.75964183946,-0.231980050355314,0.291766070784404,-0.795089195024092,0.42656161942336,0.555769205397362,1483.91517502904,1074.25732098086,810.946504188642,997.426779670547,1389.56304846611,1505.18810891221,1277.24595126316,1353.49318462942,960.092660522884,1272.83101177675,1463.63549508195,1414.3254831357,1740.23420889211,1362.72774450725,1315.6038498413,1102.66774253338
