"","gene","baseMean","log2FoldChange","lfcSE","stat","pvalue","padj","Cont_B1_unt_2.count","Cont_B1_unt_5.count","Cont_B1_unt_6.count","Cont_unt_10.count","Cont_unt_11.count","Cont_unt_12.count","Cont_unt_13.count","Cont_unt_14.count","Cont_unt_15.count","Cont_unt_16.count","Cont_unt_17.count","Cont_unt_19.count","Cont_unt_20.count","Muta_unt_3.count"
"1","BRCA1",259.285619415573,0.164318993381648,0.289555752079354,0.567486545170118,0.57038366533458,0.57038366533458,213.949142014399,391.496081282519,318.301438251414,228.476411250335,210.92538310647,248.567927113513,234.565184461225,330.678893375463,249.430109403475,216.91355503908,224.476177729415,232.975647409607,241.320651773639,287.922069607474
"2","BRCA2",1190.5427422481,-0.212356832729112,0.275350805024547,-0.771222850465904,0.44057485219815,0.57038366533458,1396.59927736229,763.229139231064,938.736622652582,1307.79897799692,1416.62047843129,1202.09079505715,1273.85152155428,903.599301665509,1197.93563753866,1377.51288560901,1331.10435214987,1282.54270543673,1238.19165468636,1037.78504210167
