"","gene","baseMean","log2FoldChange","lfcSE","stat","pvalue","padj","Cont_B2_trea_R9_06.count","Cont_B2_trea_R9_12.count","Cont_B2_trea_R9_14.count","Cont_B2_trea_R9_18.count","Cont_B2_trea_R9_20.count","Cont_trea_R9_02.count","Muta_trea_R9_04.count"
"1","BRCA1",323442.069138585,0.115173092107239,0.242250480249024,0.47542977825615,0.634480673765112,0.634480673765112,383368.325588222,289013.690738207,289121.023482742,285789.407316894,394129.001740589,276461.795521932,346211.239581507
"2","BRCA2",932261.581028091,-0.146346868688955,0.239012840103344,-0.612297099292567,0.540341208492405,0.634480673765112,771319.73567025,1023133.38444891,1022753.55833715,1034676.40152656,750260.839093692,1069585.60042194,854101.547698131
