"","gene","baseMean","log2FoldChange","lfcSE","stat","pvalue","padj","Cont_B1_unt_01.008.0483_LCL_mRNA.count","Cont_B1_unt_01.008.0483_LCL_totRNA.count","Cont_B1_unt_03.006.0289_LCL_mRNA.count","Cont_B1_unt_03.006.0289_LCL_totRNA.count","Cont_B1_unt_06.009.0425_LCL_mRNA.count","Cont_B1_unt_06.009.0425_LCL_totRNA.count","Cont_B1_unt_99.003.3193_RNA_MT_mRNA.count","Cont_B1_unt_99.003.3193_RNA_MT_totRNA.count","Cont_unt_07.111.0075_LCL_mRNA.count","Cont_unt_07.111.0075_LCL_totRNA.count","Cont_unt_07.111.0085_RNA_MT_mRNA.count","Cont_unt_07.111.0085_RNA_MT_totRNA.count","Cont_unt_07.111.0097_RNA_MT_mRNA.count","Cont_unt_07.111.0097_RNA_MT_totRNA.count","Cont_unt_08.111.0021_LCL_mRNA.count","Cont_unt_08.111.0021_LCL_totRNA.count","Muta_unt_06.009.0916_RNA_LW_untr_mRNA.count"
"1","BRCA1",421723.4946657,0.112172806619658,0.282346612963614,0.397287594287924,0.691155394550719,0.691155394550719,398793.963777982,437698.85730322,371659.353027299,444690.387129324,334624.503084922,403050.937373079,300287.300072271,492588.959726941,391675.347458145,531384.944620646,420044.537380088,582931.642835928,317642.18374572,517509.175614882,334335.174033505,436719.549358218,453662.592774725
"2","BRCA2",429862.966759296,-0.16179091468213,0.281703194835434,-0.574331131660205,0.565743746251504,0.691155394550719,439876.032432861,400777.620544047,471991.099150269,394476.497855613,524229.113312464,435230.116789078,584173.578112075,356118.226121173,447870.685973102,330118.322546877,417622.158923827,300927.061861705,552256.32967333,338969.654666328,524682.773961598,401676.331647213,386674.83133647
