"","gene","baseMean","log2FoldChange","lfcSE","stat","pvalue","padj","Cont_B2_unt_1.count","Cont_B2_unt_3.count","Cont_B2_unt_7.count","Cont_B2_unt_8.count","Cont_B2_unt_9.count","Cont_unt_10.count","Cont_unt_11.count","Cont_unt_12.count","Cont_unt_13.count","Cont_unt_14.count","Cont_unt_15.count","Cont_unt_16.count","Cont_unt_17.count","Cont_unt_18.count","Cont_unt_19.count","Cont_unt_20.count","Muta_unt_6.count"
"1","BRCA1",261.369773242967,0.333129178036232,0.339656154909668,0.980783575450967,0.326699479449094,0.326699479449094,226.944482590474,293.382320816219,247.83034576059,480.023247431631,220.679599987368,232.809314950285,214.925443190896,253.28185309469,239.013557709341,336.949999406763,254.160386100307,221.02717683511,228.733219652087,185.896369431547,237.393876141121,245.897137981655,324.337814050348
"2","BRCA2",1242.51880331032,-0.398081075625517,0.310394904930582,-1.28249874370375,0.199667745371455,0.326699479449094,1367.03836258641,1057.46594755736,1251.83142091163,646.305810267425,1405.84727313381,1332.60051877543,1443.48574683615,1224.88765021202,1298.00927132251,920.735463495224,1220.65369288533,1403.6365044374,1356.34786390185,1668.89657300565,1306.86527774657,1261.67313871562,956.539140484994
