"","gene","baseMean","log2FoldChange","lfcSE","stat","pvalue","padj","Cont_B1_unt_2.count","Cont_B1_unt_5.count","Cont_B1_unt_6.count","Cont_unt_10.count","Cont_unt_11.count","Cont_unt_12.count","Cont_unt_13.count","Cont_unt_14.count","Cont_unt_15.count","Cont_unt_16.count","Cont_unt_17.count","Cont_unt_19.count","Cont_unt_20.count","Muta_unt_18.count","Muta_unt_7.count"
"1","BRCA1",254.194363830552,-0.278538371203552,0.216106560659091,-1.28889363818504,0.197435066064849,0.209265447039717,216.514920285612,396.191085567939,322.118658111572,231.216407335158,213.454899045288,251.5488700624,237.378199964849,334.644549471968,252.421392046014,219.514883939073,227.168201141149,235.769600440768,244.214682003842,184.624445485741,246.134662556911
"2","BRCA2",1247.86649542687,0.25450972039287,0.202701646898597,1.25558782716842,0.209265447039717,0.209265447039717,1413.34794971362,772.382140374035,949.994391700478,1323.48271558645,1433.60925439876,1216.50683062964,1289.12814535366,914.43568751061,1212.30184251695,1394.03266501515,1347.06757869664,1297.923557982,1253.04062866811,1657.4777942486,1243.26624900839
