"","gene","baseMean","log2FoldChange","lfcSE","stat","pvalue","padj","Cont_B1_unt_2.count","Cont_B1_unt_4.count","Cont_B1_unt_5.count","Cont_B1_unt_6.count","Cont_unt_10.count","Cont_unt_11.count","Cont_unt_12.count","Cont_unt_13.count","Cont_unt_14.count","Cont_unt_15.count","Cont_unt_16.count","Cont_unt_17.count","Cont_unt_18.count","Cont_unt_19.count","Cont_unt_20.count","Muta_unt_7.count"
"1","BRCA1",263.864672044036,-0.0649953451024343,0.310490795637185,-0.209330988279545,0.834189862456956,0.968878055604443,222.298404492436,307.069795447032,406.774027765382,330.7229989554,237.392593430867,219.15664484585,258.268171047899,243.718978091041,343.583478319078,259.163999587503,225.378502311192,233.236252718654,189.556080512334,242.067410119656,250.738074269745,252.709340790503
"2","BRCA2",1266.78057005478,0.0114514665488878,0.293510929677825,0.0390154689007923,0.968878055604443,0.968878055604443,1451.10089318344,1050.50193179248,793.01378970607,975.370368347831,1358.83520479828,1471.90341200524,1249.00181080541,1323.56296517758,938.861830290505,1244.68450026106,1431.2696641618,1383.05005998079,1701.75186383028,1332.59331833548,1286.51148913746,1276.47601906273
