"","gene","baseMean","log2FoldChange","lfcSE","stat","pvalue","padj","Cont_B1_untr_smp2_S2.count","Cont_B1_untr_smp4_S4.count","Cont_B1_untr_smp5_S5.count","Cont_B1_untr_smp6_S6.count","Cont_untr_smp10_S10.count","Cont_untr_smp11_S11.count","Cont_untr_smp12_S12.count","Cont_untr_smp13_S2.count","Cont_untr_smp14_S3.count","Cont_untr_smp15_S4.count","Cont_untr_smp16_S5.count","Cont_untr_smp17_S6.count","Cont_untr_smp19_S8.count","Cont_untr_smp20_S9.count","Muta_untr_smp7_S7.count"
"1","BRCA1",2524.37127814673,0.0211187425628893,0.18419236884466,0.114655904016848,0.908717866842469,0.908717866842469,2209.0017781,3037.12416183786,2127.26735740636,2735.64767572141,2507.40426720538,2792.84847815905,3040.49777290736,2496.46850703505,2841.03172005223,2414.25743515355,2412.76311407428,2284.73975462126,2283.51469607203,2124.16837783167,2558.8340760234
"2","BRCA2",3423.11359591503,-0.0416325865949141,0.182522447185639,-0.228095706784879,0.81957183762126,0.908717866842469,3860.05421273887,2807.54627243909,4008.36622148841,3116.94619712093,3400.67484570654,3053.10749443994,2804.43113475761,3415.57147445437,3001.32749638776,3531.8796145533,3534.06704941862,3732.09535232868,3734.09754453081,4014.21408419925,3332.32494416125
