"","gene","baseMean","log2FoldChange","lfcSE","stat","pvalue","padj","Cont_B1_untr_smp2_S2.count","Cont_B1_untr_smp4_S4.count","Cont_B1_untr_smp5_S5.count","Cont_B1_untr_smp6_S6.count","Cont_untr_smp10_S10.count","Cont_untr_smp11_S11.count","Cont_untr_smp12_S12.count","Cont_untr_smp13_S2.count","Cont_untr_smp14_S3.count","Cont_untr_smp15_S4.count","Cont_untr_smp16_S5.count","Cont_untr_smp17_S6.count","Cont_untr_smp18_S7.count","Cont_untr_smp19_S8.count","Cont_untr_smp20_S9.count","Muta_untr_smp7_S7.count"
"1","BRCA1",2580.63241523405,0.0242209960348563,0.178042863413153,0.136040252164732,0.891789460115978,0.891789460115978,2262.88575097607,3111.20844623282,2179.15759023598,2802.37807250898,2568.5671439685,2860.97416874747,3114.66434948025,2557.36462882755,2910.33273993417,2473.14818999195,2471.61741807895,2340.47119684435,2500.89819953512,2339.21625555701,2175.98301754361,2621.25147528208
"2","BRCA2",3511.06787105435,-0.0434118898330933,0.17604294805668,-0.246598289294247,0.80521912861522,0.891789460115978,3954.21215256556,2876.03048494278,4106.1419222132,3192.97757292467,3483.62718778388,3127.58165876571,2872.83936000044,3498.88718859747,3074.53859608487,3618.03242223271,3620.27321499124,3823.13200369289,3577.88667209258,3825.18303518133,4112.13243128984,3413.61003351047
