"","gene","baseMean","log2FoldChange","lfcSE","stat","pvalue","padj","Cont_B2_trea_23-05-002-0176_T.count","Cont_B2_trea_27-06-009-0915_T.count","Cont_B2_trea_31-99-005-0355_T.count","Cont_B2_trea_33-99-006-1923_T.count","Cont_trea_01-07-111-0075_T.count","Cont_trea_03-07-111-0082_T.count","Cont_trea_05-07-111-0085_T.count","Cont_trea_07-07-111-0097_T.count","Cont_trea_09-07-111-0134_T.count","Cont_trea_11-08-111-0021_T.count","Cont_trea_13-08-111-0059_T.count","Cont_trea_15-08-111-0064_T.count","Cont_trea_17-08-111-0065_T.count","Cont_trea_19-08-111-0066_T.count","Muta_trea_29-99-003-3193_T.count"
"1","BRCA1",87244.1363797977,0.162850218718563,0.145914818380434,1.11606360838537,0.264394908114505,0.264394908114505,74079.60377529,87019.2815147034,83908.8031034488,82156.3181241063,89867.7366259288,105414.695438567,95550.3481486995,80954.9656319574,86053.2936034438,73936.7281898897,82294.5726480674,87501.0641239345,85777.1448867776,97247.8141240055,96899.6757581461
"2","BRCA2",104917.702587064,-0.17556832233158,0.145048867923126,-1.2104080841543,0.22612234136867,0.264394908114505,122445.859326365,104238.285871039,108102.373140027,110408.316121466,100934.340658636,86048.1615498116,94931.5300108144,112046.74935025,105408.408708008,122682.474122007,110222.8306308,103664.347784096,105747.757806524,93274.4949028416,93609.608823273
