"","gene","baseMean","log2FoldChange","lfcSE","stat","pvalue","padj","Cont_B2_trea_puro-RNA11-0050-1_S3.count","Cont_B2_trea_puro-RNA11-0058-1_S7.count","Cont_B2_trea_puro-RNA11-0060-1_S8.count","Cont_B2_trea_puro-RNA11-0062-1_S9.count","Cont_B2_trea_puro-RNA17-50741-1_S1.count","Cont_B2_trea_puro-RNAIVS10-2pAG-1_S11.count","Cont_trea_puro-RNA11-0068-1_S10.count","Cont_trea_puro-RNA11-0070-1_S11.count","Cont_trea_puro-RNA11-0072-1_S12.count","Cont_trea_puro-RNA11-0074-1_S13.count","Cont_trea_puro-RNA11-0076-1_S14.count","Cont_trea_puro-RNA11-0078-1_S15.count","Muta_trea_puro-RNA11-0052-1_S4.count"
"1","BRCA1",55525.4078559184,0.0906586981325313,0.19319010464553,0.469271955201196,0.638875258602458,0.638875258602458,53446.1699269355,59248.7691738388,51104.9227771091,49638.9189638378,50492.0871152694,71372.7642710014,67156.8100548299,50717.8582484355,57510.1532411478,53569.4535013234,53097.6860928308,45642.666493494,58832.042266886
"2","BRCA2",122735.523319651,-0.112580028267596,0.18922309223367,-0.594959245928463,0.551870713096913,0.638875258602458,125688.55680345,113379.097295318,131446.670883092,135328.732071749,133042.07349268,94119.5431254696,100028.157372334,132449.835162267,116806.713009802,125399.299894343,126513.459608092,147177.465316274,114182.199120589
