"","gene","baseMean","log2FoldChange","lfcSE","stat","pvalue","padj","Cont_B1_trea_puro-RNA11-0048-1_S2.count","Cont_B1_trea_puro-RNA11-0052-1_S4.count","Cont_B1_trea_puro-RNA11-0054-1_S5.count","Cont_B1_trea_puro-RNA11-0056-1_S6.count","Cont_trea_puro-RNA11-0068-1_S10.count","Cont_trea_puro-RNA11-0070-1_S11.count","Cont_trea_puro-RNA11-0072-1_S12.count","Cont_trea_puro-RNA11-0074-1_S13.count","Cont_trea_puro-RNA11-0076-1_S14.count","Cont_trea_puro-RNA11-0078-1_S15.count","Muta_trea_puro-RNA11-0058-1_S7.count"
"1","BRCA1",53049.2820952086,0.122379251472747,0.177930622789496,0.687791958203449,0.491583801004975,0.491583801004975,45450.6986540706,56879.399675193,48900.8824733559,58210.4235343136,64927.8674143478,49034.5264047764,55601.3843059468,51791.4768666539,51335.3674754544,44127.7808774323,57282.2953657495
"2","BRCA2",119815.254415842,-0.140611638255341,0.176911984869187,-0.794811263687491,0.426723297924923,0.491583801004975,138150.965131568,110392.478134793,128403.774479634,107868.273476185,96708.2107424392,128053.809128913,112929.884090895,121237.281978469,122314.462596692,142292.627458525,109616.031356144
