"","gene","baseMean","log2FoldChange","lfcSE","stat","pvalue","padj","Cont_B1_trea_T010080483.count","Cont_B1_trea_T030060289.count","Cont_B1_trea_T060090425.count","Cont_B1_trea_T990033193.count","Cont_trea_T07III0075.count","Cont_trea_T07III0082.count","Cont_trea_T07III0085.count","Cont_trea_T07III0097.count","Cont_trea_T07III0134.count","Cont_trea_T08III0021.count","Cont_trea_T08III0059.count","Cont_trea_T08III0065.count","Cont_trea_T08III0066.count","Muta_trea_T050020176.count"
"1","BRCA1",30672.9293335384,-0.15966258328991,0.152739859639983,-1.04532362191667,0.295873423684998,0.342022461865119,36059.9798932945,33641.4610739481,25859.4273308723,32790.3978721494,29829.6086782707,34533.904634694,33117.5862633493,29628.8051848475,28982.0764352588,26296.695824948,31225.3390801402,28125.5263570516,31663.4419229553,27666.7601177584
"2","BRCA2",58283.5047605384,0.145693464921628,0.15333301769173,0.950176727197396,0.342022461865119,0.342022461865119,49096.5691979053,52626.1714440582,68463.2832527032,53992.0651469105,59351.1405798582,51266.1778861687,53458.6453260183,59753.3814496042,61086.7651964494,67324.8574608594,56698.2249115822,62947.1347711268,55913.7349127761,63990.9151115179
