"","gene","baseMean","log2FoldChange","lfcSE","stat","pvalue","padj","Cont_B1_trea_T010080483.count","Cont_B1_trea_T060090425.count","Cont_B1_trea_T990033193.count","Cont_trea_T07III0075.count","Cont_trea_T07III0082.count","Cont_trea_T07III0085.count","Cont_trea_T07III0097.count","Cont_trea_T07III0134.count","Cont_trea_T08III0021.count","Cont_trea_T08III0059.count","Cont_trea_T08III0065.count","Cont_trea_T08III0066.count","Muta_trea_T050020176.count"
"1","BRCA1",30686.9768001104,-0.148976922991344,0.154350321545522,-0.965186994750813,0.334451159719193,0.382600351962266,36347.085082776,26065.3169571473,33051.4710458483,30067.1084072522,34808.8593979252,33381.264471364,29864.7061407515,29212.8282152414,26506.0669299764,31473.9514454205,28349.4583891244,31915.5424099725,27887.0395086359
"2","BRCA2",59186.1952937533,0.134889257316406,0.154491955876536,0.873115085837893,0.382600351962266,0.382600351962266,49487.4701314103,69008.3796162886,54421.9434258329,59823.6871678638,51674.3529810955,53884.2765809766,60229.1306306636,61573.1306172966,67860.8898162661,57149.6493065673,63448.3122290529,56358.9132934701,64500.4030220092
