"","gene","baseMean","log2FoldChange","lfcSE","stat","pvalue","padj","Cont_B1_trea_T010080483.count","Cont_B1_trea_T030060289.count","Cont_B1_trea_T060090425.count","Cont_B1_trea_T990033193.count","Cont_trea_T07III0075.count","Cont_trea_T07III0082.count","Cont_trea_T07III0085.count","Cont_trea_T07III0097.count","Cont_trea_T07III0134.count","Cont_trea_T08III0021.count","Cont_trea_T08III0059.count","Cont_trea_T08III0064.count","Cont_trea_T08III0065.count","Cont_trea_T08III0066.count","Muta_trea_T050020176.count"
"1","BRCA1",32386.3143185589,-0.16046179280608,0.14655824831053,-1.09486702151414,0.273574898844526,0.316304946782061,38035.3876286172,35484.379528969,27276.0369055748,34586.6940928525,31463.7094154057,36425.7121883348,34931.8062455408,31251.905672527,30569.7483681145,27737.2594774999,32935.8995557564,32849.5205486528,29666.2754781035,33398.0021830175,29182.377489417
"2","BRCA2",61375.352031092,0.147472850580503,0.147166740795121,1.002080020144,0.316304946782061,0.316304946782061,51786.1364926831,55509.0944644991,72213.7817200673,56949.8134166783,62602.4652491623,54074.5988741016,56387.1722361658,63026.7413426636,64433.1694055474,71012.9916362313,59804.219767953,59961.4771354238,66395.4521942436,58976.7544924965,67496.4120384638
