"","gene","baseMean","log2FoldChange","lfcSE","stat","pvalue","padj","Cont_B2_untr_smp1_S1.count","Cont_B2_untr_smp3_S3.count","Cont_B2_untr_smp7_S7.count","Cont_B2_untr_smp8_S8.count","Cont_B2_untr_smp9_S9.count","Cont_untr_smp10_S10.count","Cont_untr_smp11_S11.count","Cont_untr_smp12_S12.count","Cont_untr_smp13_S2.count","Cont_untr_smp14_S3.count","Cont_untr_smp15_S4.count","Cont_untr_smp16_S5.count","Cont_untr_smp17_S6.count","Cont_untr_smp18_S7.count","Cont_untr_smp19_S8.count","Cont_untr_smp20_S9.count","Muta_untr_smp5_S5.count"
"1","BRCA1",2507.96365050339,-0.224826605891858,0.146478646041455,-1.53487632475951,0.124814210033414,0.140286927141749,2410.90025450925,2623.85751934607,2603.09501551815,2548.95701928622,2167.38712873656,2550.77560948957,2841.15723669408,3093.090197411,2539.65069011436,2890.17391893185,2456.01758805419,2454.49741924391,2324.25960039324,2483.57538333006,2323.01335162976,2160.9107711462,2164.0633547231
"2","BRCA2",3552.40809825253,0.212107400889357,0.143828600981332,1.47472338215184,0.140286927141749,0.140286927141749,3660.21011446751,3363.14050266203,3389.9651929419,3461.96559210644,4071.44684930887,3459.4973637422,3105.91803317264,2852.94024206386,3474.6516640561,3053.24238057908,3592.97162180272,3595.19689340124,3796.6505527326,3553.10394673627,3798.68737746864,4083.64917902019,4077.70016403064
