"","gene","baseMean","log2FoldChange","lfcSE","stat","pvalue","padj","Cont_B1_unt_R9_07.count","Cont_B1_unt_R9_09.count","Cont_B1_unt_R9_15.count","Cont_unt_R9_01.count","Muta_unt_R9_19.count"
"1","BRCA1",185929.485284559,-0.308533380759602,0.305824171237894,-1.00885871613987,0.313042396790291,0.382016167554388,237902.866326592,150907.335408057,178989.44856548,205703.195248767,156144.580873896
"2","BRCA2",266414.243335507,0.267745544550707,0.30627932014488,0.874187471828182,0.382016167554388,0.382016167554388,202265.108832889,318867.528997767,268839.585432885,233926.600367152,308172.39304684
