"","gene","baseMean","log2FoldChange","lfcSE","stat","pvalue","padj","Cont_B1_trea_T010080483.count","Cont_B1_trea_T030060289.count","Cont_B1_trea_T060090425.count","Cont_B1_trea_T990033193.count","Cont_trea_T07III0075.count","Cont_trea_T07III0082.count","Cont_trea_T07III0085.count","Cont_trea_T07III0097.count","Cont_trea_T07III0134.count","Cont_trea_T08III0021.count","Cont_trea_T08III0059.count","Cont_trea_T08III0065.count","Cont_trea_T08III0066.count","Muta_trea_T060090915.count"
"1","BRCA1",31165.4785416893,-0.0636402383677075,0.150848586566682,-0.421881568904033,0.673111463709603,0.743032361444957,36477.2902712935,34030.7827230104,26158.6900433369,33169.8704445484,30174.8170036754,34933.5542418078,33500.8452802115,29971.6896769614,29317.4765466339,26601.0189029782,31586.6997379454,28451.0138939335,32029.8726019717,29913.0782153418
"2","BRCA2",58660.2765959801,0.0496708968495449,0.151509397011339,0.327840370494166,0.743032361444957,0.743032361444957,49664.7477690265,53235.1969499777,69255.5864846457,54616.8976948508,60037.9919586816,51859.4646305193,54077.3047804697,60444.8878307292,61793.7023924851,68103.9860626739,57354.3749632389,63675.6014170602,56560.8063177196,60563.3230916436
