"","gene","baseMean","log2FoldChange","lfcSE","stat","pvalue","padj","Cont_B1_trea_T010080483.count","Cont_B1_trea_T030060289.count","Cont_B1_trea_T060090425.count","Cont_B1_trea_T990033193.count","Cont_trea_T07III0075.count","Cont_trea_T07III0082.count","Cont_trea_T07III0085.count","Cont_trea_T07III0097.count","Cont_trea_T07III0134.count","Cont_trea_T08III0021.count","Cont_trea_T08III0059.count","Cont_trea_T08III0064.count","Cont_trea_T08III0065.count","Cont_trea_T08III0066.count","Muta_trea_T060090915.count"
"1","BRCA1",32871.3296278694,-0.0644394487751587,0.14489974402869,-0.444717478330394,0.656523936635018,0.723873875224607,38446.0561833713,35867.504817445,27570.536616339,34960.1270604752,31803.4234785038,36819.0010572779,35308.9653933817,31589.3328879707,30899.8103226319,28036.7390141274,33291.5088741668,33204.1972318459,29986.5826245558,33758.6008292596,31527.5580266898
"2","BRCA2",61745.1489864822,0.0514503048262078,0.145633488999923,0.353286219945161,0.723873875224607,0.723873875224607,52345.2720544763,56108.4268499614,72993.474822235,57564.7012626417,63278.3848474833,54658.4429927777,56995.9852382837,63707.2418552593,65128.8551394846,71779.7197928828,60449.9266749025,60608.8819521319,67112.3247199317,59613.5272465434,63832.0693482376
