"","gene","baseMean","log2FoldChange","lfcSE","stat","pvalue","padj","Cont_B1_trea_T010080483.count","Cont_B1_trea_T060090425.count","Cont_B1_trea_T990033193.count","Cont_trea_T07III0075.count","Cont_trea_T07III0082.count","Cont_trea_T07III0085.count","Cont_trea_T07III0097.count","Cont_trea_T07III0134.count","Cont_trea_T08III0021.count","Cont_trea_T08III0059.count","Cont_trea_T08III0065.count","Cont_trea_T08III0066.count","Muta_trea_T060090915.count"
"1","BRCA1",31219.0710174545,-0.0529546803907041,0.152267163674087,-0.347774786847993,0.728009326259457,0.798797167276749,36800.2753292456,26390.309934967,33463.5702355175,30441.9973492039,35242.8704206508,33797.4756596558,30237.0714488869,29577.0656441518,26836.5553577989,31866.3814788176,28702.9309717369,32313.4783791994,30177.9410170756
"2","BRCA2",59600.6879043802,0.0388667289152346,0.152475885928769,0.254904102891336,0.798797167276749,0.798797167276749,50104.5000454993,69868.8041729085,55100.4983607978,60569.5932417782,52318.6498403987,54556.1276669428,60980.0919386474,62340.8494639884,68707.0070031448,57862.214388359,64239.411603093,57061.6191568993,61099.575874486
