"","gene","baseMean","log2FoldChange","lfcSE","stat","pvalue","padj","Cont_B2_untr_00007-00007_0074.count","Cont_B2_untr_00016-00016_0075.count","Cont_B2_untr_00017-00017_0075.count","Cont_B2_untr_00018-00018_0075.count","Cont_untr_00001_0074.count","Cont_untr_00002_0074.count","Cont_untr_00003_0074.count","Cont_untr_00004_0074.count","Cont_untr_00005_0074.count","Cont_untr_00009-00009_0074.count","Cont_untr_00010-00010_0074.count","Cont_untr_00011-00011_0075.count","Cont_untr_00012-00012_0075.count","Cont_untr_00013-00013_0075.count","Muta_untr_00019-00019_0075.count"
"1","BRCA1",1640.88207979675,0.0533359386697145,0.121880832114634,0.437607273796343,0.661670997471194,0.661670997471194,1507.1033692815,1875.92836199789,1592.6511488783,1530.66021968266,1710.2665918471,1669.78243233715,1485.5234034147,1710.59616380768,1400.06801106113,1652.3348985925,1853.40652381569,1753.88313648607,1611.26732486577,1562.24821467173,1697.51139621132
"2","BRCA2",2375.83003987637,-0.0623735764947313,0.121989188603049,-0.511304134481081,0.609138110391958,0.661670997471194,2570.77595207049,2065.33744972382,2432.68910568523,2531.21172760115,2265.39249348776,2320.31732038908,2608.12121177449,2264.95603170831,2767.31206514518,2344.81829460457,2090.43458585483,2209.05544869754,2404.5824297691,2480.03170216291,2282.41477947108
