"","gene","baseMean","log2FoldChange","lfcSE","stat","pvalue","padj","Cont_B1_unt_01.008.0483_LCL_mRNA.count","Cont_B1_unt_01.008.0483_LCL_totRNA.count","Cont_B1_unt_03.006.0289_LCL_mRNA.count","Cont_B1_unt_03.006.0289_LCL_totRNA.count","Cont_B1_unt_06.009.0425_LCL_mRNA.count","Cont_B1_unt_06.009.0425_LCL_totRNA.count","Cont_B1_unt_99.003.3193_RNA_MT_mRNA.count","Cont_B1_unt_99.003.3193_RNA_MT_totRNA.count","Cont_unt_07.111.0075_LCL_mRNA.count","Cont_unt_07.111.0075_LCL_totRNA.count","Cont_unt_07.111.0085_RNA_MT_mRNA.count","Cont_unt_07.111.0085_RNA_MT_totRNA.count","Cont_unt_07.111.0097_RNA_MT_mRNA.count","Cont_unt_07.111.0097_RNA_MT_totRNA.count","Cont_unt_08.111.0021_LCL_mRNA.count","Cont_unt_08.111.0021_LCL_totRNA.count","Muta_unt_99.005.0355_LCL_mRNA.count","Muta_unt_99.005.0355_LCL_totRNA.count"
"1","BRCA1",475756.413467592,-0.0548202529117906,0.20031940522378,-0.273664215658738,0.78434268001322,0.953675698274286,453909.339305639,498191.089080638,423024.585881901,506148.884263991,380871.329324621,458754.648531703,341788.548368204,560667.285785163,445806.893621917,604825.07519598,478096.851403911,663495.792045927,361541.966166491,589031.603594513,380542.013511195,497076.43574416,429304.647093756,490538.453496943
"2","BRCA2",492786.683509846,0.0116097101416529,0.199851930551791,0.058091558633427,0.953675698274286,0.953675698274286,500669.161003509,456167.147632435,537222.695007275,448995.177401754,596680.271221245,495381.155938533,664909.369160575,405335.595358584,509768.716754178,375742.371475212,475339.687794379,342516.728525205,628580.992938335,385817.003187922,597196.630103827,457190.065229281,529363.960116136,463283.574328852
