"","gene","baseMean","log2FoldChange","lfcSE","stat","pvalue","padj","Cont_B1_unt_01.008.0483_LCL_mRNA.count","Cont_B1_unt_01.008.0483_LCL_totRNA.count","Cont_B1_unt_06.009.0425_LCL_mRNA.count","Cont_B1_unt_06.009.0425_LCL_totRNA.count","Cont_B1_unt_99.003.3193_RNA_MT_mRNA.count","Cont_B1_unt_99.003.3193_RNA_MT_totRNA.count","Cont_unt_07.111.0075_LCL_mRNA.count","Cont_unt_07.111.0075_LCL_totRNA.count","Cont_unt_07.111.0085_RNA_MT_mRNA.count","Cont_unt_07.111.0085_RNA_MT_totRNA.count","Cont_unt_07.111.0097_RNA_MT_mRNA.count","Cont_unt_07.111.0097_RNA_MT_totRNA.count","Cont_unt_08.111.0021_LCL_mRNA.count","Cont_unt_08.111.0021_LCL_totRNA.count","Muta_unt_99.005.0355_LCL_mRNA.count","Muta_unt_99.005.0355_LCL_totRNA.count"
"1","BRCA1",455963.71281728,-0.0604818405326544,0.211867139713341,-0.2854706049012,0.775283621742098,0.955040601681135,433752.593070119,476067.923748202,363957.981065858,438382.736711241,326610.748664405,535769.740783298,426009.952588431,577966.615803508,456866.010627444,634031.942879344,345486.976690715,562874.484693813,363643.289175554,475002.768808206,410240.521111164,468755.118655171
"2","BRCA2",470865.018743673,0.0119297330980082,0.21160224949358,0.0563781014925844,0.955040601681135,0.955040601681135,478435.951962831,435910.138931373,570183.498034894,473382.771271264,635382.747293108,387335.862750384,487131.423857453,359056.784782186,454231.28434712,327306.592534471,600667.604809968,368684.032453052,570676.92697517,436887.631839555,505856.501497608,442710.546558337
