"","gene","baseMean","log2FoldChange","lfcSE","stat","pvalue","padj","Cont_B1_unt_01.008.0483_LCL_mRNA.count","Cont_B1_unt_01.008.0483_LCL_totRNA.count","Cont_B1_unt_06.009.0425_LCL_mRNA.count","Cont_B1_unt_06.009.0425_LCL_totRNA.count","Cont_B1_unt_99.003.3193_RNA_MT_mRNA.count","Cont_B1_unt_99.003.3193_RNA_MT_totRNA.count","Cont_unt_07.111.0075_LCL_mRNA.count","Cont_unt_07.111.0075_LCL_totRNA.count","Cont_unt_07.111.0085_RNA_MT_mRNA.count","Cont_unt_07.111.0085_RNA_MT_totRNA.count","Cont_unt_07.111.0097_RNA_MT_mRNA.count","Cont_unt_07.111.0097_RNA_MT_totRNA.count","Cont_unt_08.111.0021_LCL_mRNA.count","Cont_unt_08.111.0021_LCL_totRNA.count","Muta_unt_99.006.1923_LCL_totRNA.count"
"1","BRCA1",440748.969852678,0.155939330616274,0.299363691030618,0.520902618749198,0.602434611044785,0.602434611044785,413976.915911934,454363.003210955,347364.384514056,418395.9617353,311719.889623624,511342.891021176,406587.278411586,551615.923300579,436036.544994127,605125.116244346,329735.511402556,537211.873639209,347064.040077409,453346.410886038,487348.802817268
"2","BRCA2",444860.938076888,-0.210899004397632,0.299059841671228,-0.705206701170813,0.480681611649873,0.602434611044785,456623.068125255,416036.094798355,544187.653956471,451800.272384868,606414.334693168,369676.420257321,464922.095485197,342686.643898301,433521.941330133,312384.008533548,573281.92730191,351874.965451139,544658.586451586,416969.02178466,387877.036701403
