"","gene","baseMean","log2FoldChange","lfcSE","stat","pvalue","padj","Cont_B1_unt_01.008.0483_LCL_mRNA.count","Cont_B1_unt_01.008.0483_LCL_totRNA.count","Cont_B1_unt_03.006.0289_LCL_mRNA.count","Cont_B1_unt_03.006.0289_LCL_totRNA.count","Cont_B1_unt_06.009.0425_LCL_mRNA.count","Cont_B1_unt_06.009.0425_LCL_totRNA.count","Cont_B1_unt_99.003.3193_RNA_MT_mRNA.count","Cont_B1_unt_99.003.3193_RNA_MT_totRNA.count","Cont_unt_07.111.0075_LCL_mRNA.count","Cont_unt_07.111.0075_LCL_totRNA.count","Cont_unt_07.111.0085_RNA_MT_mRNA.count","Cont_unt_07.111.0085_RNA_MT_totRNA.count","Cont_unt_07.111.0097_RNA_MT_mRNA.count","Cont_unt_07.111.0097_RNA_MT_totRNA.count","Cont_unt_08.111.0021_LCL_mRNA.count","Cont_unt_08.111.0021_LCL_totRNA.count","Muta_unt_99.006.1923_LCL_totRNA.count"
"1","BRCA1",462896.4280694,0.161601026304094,0.28291050820537,0.571208992303618,0.567857983398742,0.567857983398742,436764.97429991,479374.181971246,407046.752251399,487031.407561841,366485.643627677,441427.273962733,328879.03732583,539490.623923621,428968.561725032,581980.553270877,460038.912915365,638435.250097173,347886.359427205,566783.608372864,366168.766224345,478301.629605162,514175.740617522
"2","BRCA2",469953.168408896,-0.211219137846472,0.282238249985692,-0.748371766963475,0.454235947163737,0.567857983398742,481758.655975155,438937.504165314,516931.54614778,432036.422556651,574143.382297164,476670.381299347,639795.435752516,390025.883055083,490514.517310067,361550.40888078,457385.888646465,329579.713782598,604839.199048208,371244.517109119,574640.238066701,439921.785692944,409228.383165337
