"","gene","baseMean","log2FoldChange","lfcSE","stat","pvalue","padj","Cont_B1_unt_13.count","Cont_B1_unt_15.count","Cont_B1_unt_18.count","Cont_unt_1.count","Cont_unt_10.count","Cont_unt_2.count","Cont_unt_3.count","Cont_unt_4.count","Cont_unt_5.count","Cont_unt_6.count","Cont_unt_7.count","Cont_unt_9.count","Muta_B1_unt_11.count"
"1","BRCA1",1696.65129413014,-0.155581282472597,0.127657851678293,-1.21873649311187,0.222944222296787,0.257930425992278,1439.53937704513,1591.35608223318,1954.76338156315,1709.30809156467,1877.13479634666,1740.7792841486,1823.95231005351,1581.514563819,1713.28189230619,1812.9361876737,1584.25335910262,1693.59829791698,1534.04919991844
"2","BRCA2",1051.32829311031,0.145199468972485,0.128347875401797,1.13129624092284,0.257930425992278,0.257930425992278,1230.42067076858,1113.03750661263,906.114275828751,1036.231569161,943.586475168909,1017.4977505939,971.099406568197,1119.96376538229,1033.82812475619,977.000193357299,1118.02761580064,1045.84363841188,1154.61681802372
