"","gene","baseMean","log2FoldChange","lfcSE","stat","pvalue","padj","Cont_B2_trea_puro-RNA11-0050-1_S3.count","Cont_B2_trea_puro-RNA11-0058-1_S7.count","Cont_B2_trea_puro-RNA11-0060-1_S8.count","Cont_B2_trea_puro-RNA11-0062-1_S9.count","Cont_B2_trea_puro-RNA17-50741-1_S1.count","Cont_B2_trea_puro-RNAIVS10-2pAG-1_S11.count","Cont_trea_puro-RNA11-0068-1_S10.count","Cont_trea_puro-RNA11-0070-1_S11.count","Cont_trea_puro-RNA11-0072-1_S12.count","Cont_trea_puro-RNA11-0074-1_S13.count","Cont_trea_puro-RNA11-0076-1_S14.count","Cont_trea_puro-RNA11-0078-1_S15.count","Muta_trea_puro-RNA11-0048-1_S2.count"
"1","BRCA1",61571.2700198102,-0.232945768043703,0.195403430449589,-1.19212732093667,0.233211325769114,0.270553077184543,60252.3568855179,66793.8973020905,57612.9599180386,55960.2655327626,56922.0817305123,80461.8417117863,75709.0001444105,57176.604045368,64833.8745762983,60391.3402014841,59859.4948269268,51455.1039771833,52997.6894051534
"2","BRCA2",140855.297396193,0.211024012705768,0.191528382018893,1.10178977382554,0.270553077184543,0.270553077184543,141694.56466759,127817.537588461,148185.954882986,152562.383287681,149984.526558757,106105.345061212,112766.401125429,149316.868702372,131681.648442014,141368.471880343,142624.516023301,165920.01218918,161090.63574118
