"","gene","baseMean","log2FoldChange","lfcSE","stat","pvalue","padj","Cont_B1_unt_11.count","Cont_B1_unt_13.count","Cont_B1_unt_15.count","Cont_B1_unt_18.count","Cont_unt_1.count","Cont_unt_10.count","Cont_unt_2.count","Cont_unt_3.count","Cont_unt_4.count","Cont_unt_5.count","Cont_unt_6.count","Cont_unt_7.count","Cont_unt_8.count","Cont_unt_9.count","Muta_unt_12.count"
"1","BRCA1",1821.27371784746,-0.13287787363287,0.12472779358116,-1.06534293454335,0.286720770332041,0.324712658130712,1660.1724589917,1557.89242452684,1722.19087908844,2115.47604215638,1849.84042082757,2031.46515175355,1883.8990463151,1973.91021867234,1711.54023122999,1854.14093123425,1961.98839570811,1714.50419907464,1779.85629512536,1832.8390321161,1669.39004089155
"2","BRCA2",1146.60672893341,0.122821656207825,0.124714869385551,0.984819667558052,0.324712658130712,0.324712658130712,1249.54469652833,1331.58083240922,1204.54690397239,980.611290374574,1121.42629607337,1021.16430088146,1101.15225946587,1050.93923311809,1212.04261144634,1118.82525028697,1057.325158494,1209.9472795547,1165.5208890386,1131.82863039555,1242.64530196166
