"","gene","baseMean","log2FoldChange","lfcSE","stat","pvalue","padj","Cont_B1_unt_13.count","Cont_B1_unt_15.count","Cont_B1_unt_18.count","Cont_unt_1.count","Cont_unt_10.count","Cont_unt_2.count","Cont_unt_3.count","Cont_unt_4.count","Cont_unt_5.count","Cont_unt_6.count","Cont_unt_7.count","Cont_unt_9.count","Muta_unt_12.count"
"1","BRCA1",1697.10340853964,-0.147593316790214,0.127635618783027,-1.1563646433298,0.247532037252701,0.28523152290798,1439.36715183194,1591.16569380415,1954.52951540743,1709.10359146195,1876.91021760596,1740.57101886034,1823.73409401826,1581.3253528205,1713.07691678148,1812.71928959756,1584.06382043708,1693.39567732003,1542.38197106869
"2","BRCA2",1050.71216812584,0.137211497131934,0.128398136725173,1.06864087463843,0.28523152290798,0.28523152290798,1230.27346433178,1112.90434379338,906.005869121151,1036.10759533593,943.473585320644,1017.37601806625,970.983225097242,1119.82977391159,1033.70443847708,976.883305921451,1117.89385596916,1045.71851460737,1148.10419568292
