"","gene","baseMean","log2FoldChange","lfcSE","stat","pvalue","padj","Cont_B2_trea_23-05-002-0176_T.count","Cont_B2_trea_27-06-009-0915_T.count","Cont_B2_trea_31-99-005-0355_T.count","Cont_B2_trea_33-99-006-1923_T.count","Cont_trea_01-07-111-0075_T.count","Cont_trea_03-07-111-0082_T.count","Cont_trea_05-07-111-0085_T.count","Cont_trea_07-07-111-0097_T.count","Cont_trea_09-07-111-0134_T.count","Cont_trea_11-08-111-0021_T.count","Cont_trea_13-08-111-0059_T.count","Cont_trea_15-08-111-0064_T.count","Cont_trea_17-08-111-0065_T.count","Cont_trea_19-08-111-0066_T.count","Muta_trea_25-06-009-0425_T.count"
"1","BRCA1",82519.3152618887,-0.0579135489045162,0.144309001961839,-0.401316259673327,0.688187293962286,0.752562998635061,70811.6806830836,83180.5417666924,80207.2779693115,78532.1015316037,85903.3410730714,100764.46649665,91335.2717542487,77383.7451051855,82257.167126038,70675.1078639111,78664.25714131,83641.0711775545,81993.2003423477,92957.8562780317,79482.6426192911
"2","BRCA2",101275.765642903,0.0451952691076539,0.143357965683148,0.315261652132711,0.752562998635061,0.752562998635061,117044.323264544,99639.9526709412,103333.580874639,105537.800251545,96481.7566027661,82252.261466119,90743.7519546322,107103.956179824,100758.45709684,117270.500113501,105360.497206349,99091.3330985725,101082.836261678,89159.8147442989,104275.6628573
