"","gene","baseMean","log2FoldChange","lfcSE","stat","pvalue","padj","Cont_B2_untr_00007-00007_0074.count","Cont_B2_untr_00016-00016_0075.count","Cont_B2_untr_00017-00017_0075.count","Cont_B2_untr_00018-00018_0075.count","Cont_untr_00001_0074.count","Cont_untr_00002_0074.count","Cont_untr_00003_0074.count","Cont_untr_00004_0074.count","Cont_untr_00005_0074.count","Cont_untr_00009-00009_0074.count","Cont_untr_00010-00010_0074.count","Cont_untr_00011-00011_0075.count","Cont_untr_00012-00012_0075.count","Cont_untr_00013-00013_0075.count","Muta_untr_00014-00014_0075.count"
"1","BRCA1",1658.46259896982,0.272002580048265,0.122639196844847,2.21790901315491,0.026561036840364,0.026561036840364,1506.24797768541,1874.86363519252,1591.74720264871,1529.79145784781,1709.29589023527,1668.83470845235,1484.68026003052,1709.62527513962,1399.27336987392,1651.39707746159,1852.3545798038,1752.88767928913,1610.3528125922,1561.3615243351,1974.22553395939
"2","BRCA2",2353.09207251495,-0.281048442004407,0.123918095534888,-2.26801776440536,0.0233281239598744,0.026561036840364,2569.31684834233,2064.16521938209,2431.3083763608,2529.77507946947,2264.10671724952,2319.00037028692,2606.64091187494,2263.67050319412,2765.74141277153,2343.48743840423,2089.24811104934,2207.80164786036,2403.21765304279,2478.62410244592,1960.27669598983
