"","gene","baseMean","log2FoldChange","lfcSE","stat","pvalue","padj","Cont_B1_untr_010080483.count","Cont_B1_untr_030060289.count","Cont_B1_untr_060090425.count","Cont_B1_untr_990033193.count","Cont_untr_07III0075.count","Cont_untr_07III0082.count","Cont_untr_07III0085.count","Cont_untr_07III0097.count","Cont_untr_07III0134.count","Cont_untr_08III0021.count","Cont_untr_08III0059.count","Cont_untr_08III0065.count","Cont_untr_08III0066.count","Muta_untr_990050355.count"
"1","BRCA1",19541.0611717079,-0.141215427221735,0.122278878177218,-1.15486361444265,0.248146281562757,0.281275086128806,21036.4529355471,18668.8662469277,16500.7502780398,18819.5883110908,18457.4761943291,20274.5629702059,20126.1627149953,20457.0099557575,19697.957534181,21652.1449387167,19336.1063879101,18198.8576240565,22512.9028129487,17836.0174992042
"2","BRCA2",26826.2479527346,0.132305600032265,0.122794048542894,1.07745938506172,0.281275086128806,0.281275086128806,24761.1995206188,27901.4162645742,31567.5226620706,27677.95977961,28220.9660117687,25691.691066715,25881.1287436872,25462.5582853857,26443.7471468457,24057.0996461315,26938.6089367441,28622.0057930804,23137.3009811773,29204.2664998748
