"","gene","baseMean","log2FoldChange","lfcSE","stat","pvalue","padj","Cont_B1_untr_010080483.count","Cont_B1_untr_060090425.count","Cont_B1_untr_990033193.count","Cont_untr_07III0075.count","Cont_untr_07III0082.count","Cont_untr_07III0085.count","Cont_untr_07III0097.count","Cont_untr_07III0134.count","Cont_untr_08III0021.count","Cont_untr_08III0059.count","Cont_untr_08III0065.count","Cont_untr_08III0066.count","Muta_untr_990050355.count"
"1","BRCA1",20346.7606184599,-0.147306958222907,0.125857653098323,-1.17042511596675,0.241829933206567,0.276162589882102,21828.8622186055,17122.3069510117,19528.4918760947,19152.7395794172,21038.2730860113,20884.2828323254,21227.5925555059,20439.9478523777,22467.7463473825,20064.4663565289,18884.3792643513,23360.9275836755,18507.8715366916
"2","BRCA2",27750.9288557427,0.1379739498789,0.126700138372987,1.08898026198459,0.276162589882102,0.276162589882102,25693.9140053238,32756.6203715191,28720.5439230812,29284.0043249823,26659.4556685283,26856.0291575242,26421.6918245605,27439.8404893028,24963.2918231806,27953.3429253855,29700.1506286037,24008.8458247199,30304.3441579436
