"","gene","baseMean","log2FoldChange","lfcSE","stat","pvalue","padj","Cont_B1_trea_T010080483.count","Cont_B1_trea_T060090425.count","Cont_B1_trea_T990033193.count","Cont_trea_T07III0075.count","Cont_trea_T07III0082.count","Cont_trea_T07III0085.count","Cont_trea_T07III0097.count","Cont_trea_T07III0134.count","Cont_trea_T08III0021.count","Cont_trea_T08III0059.count","Cont_trea_T08III0065.count","Cont_trea_T08III0066.count","Muta_trea_T08III0064.count"
"1","BRCA1",33703.1475125129,0.0217974747670705,0.151957487438805,0.143444558964878,0.885939093851367,0.885939093851367,39571.9622318568,28377.949313971,35983.9464692976,32734.7977314624,37897.2582338232,36343.000653398,32514.4374239614,31804.7219518865,28857.8046101733,34266.4622224597,30864.7500649134,34747.2331269596,34176.5936285044
"2","BRCA2",63834.4354041776,-0.035885446228398,0.152257085742913,-0.235689827197868,0.813673364266762,0.885939093851367,53878.221445557,75131.1139707174,59250.5034427598,65131.5142269537,56259.1343945914,58665.1323729885,65572.9304604845,67036.1761812772,73881.8137056612,62220.2236788177,69077.7323541945,61359.3300040047,62383.8340163013
