"","gene","baseMean","log2FoldChange","lfcSE","stat","pvalue","padj","Cont_B1_trea_T010080483.count","Cont_B1_trea_T030060289.count","Cont_B1_trea_T060090425.count","Cont_B1_trea_T990033193.count","Cont_trea_T07III0075.count","Cont_trea_T07III0082.count","Cont_trea_T07III0085.count","Cont_trea_T07III0097.count","Cont_trea_T07III0134.count","Cont_trea_T08III0021.count","Cont_trea_T08III0059.count","Cont_trea_T08III0065.count","Cont_trea_T08III0066.count","Muta_trea_T08III0064.count"
"1","BRCA1",33460.9477627909,0.0111118927788667,0.150392147233199,0.0738861235995026,0.941100997430558,0.941100997430558,39021.7263201658,36404.5651418188,27983.3626942526,35483.6008085046,32279.6304802593,37370.3085639358,35837.6624550812,32062.3342147683,31362.4871171129,28456.5457507808,33789.9976496157,30435.585248886,34264.083583191,33701.3786507004
"2","BRCA2",62518.389178058,-0.0250812695561064,0.151144641233377,-0.165942168716252,0.868202461684795,0.941100997430558,53129.0614184731,56948.5636277362,74086.439037748,58426.6434939163,64225.8806397057,55476.8685083769,57849.4118280584,64661.1591168556,66104.0588578738,72854.5099069886,61355.0706873907,68117.2278228105,60506.1474732097,61516.4060736682
