"","gene","baseMean","log2FoldChange","lfcSE","stat","pvalue","padj","Cont_B1_untr_smp2_S2.count","Cont_B1_untr_smp4_S4.count","Cont_B1_untr_smp5_S5.count","Cont_B1_untr_smp6_S6.count","Cont_untr_smp10_S10.count","Cont_untr_smp11_S11.count","Cont_untr_smp12_S12.count","Cont_untr_smp13_S2.count","Cont_untr_smp14_S3.count","Cont_untr_smp15_S4.count","Cont_untr_smp16_S5.count","Cont_untr_smp17_S6.count","Cont_untr_smp19_S8.count","Cont_untr_smp20_S9.count","Muta_untr_smp9_S9.count"
"1","BRCA1",2573.7035909506,-0.243156244218439,0.185731812132608,-1.30917930227715,0.19047362158135,0.22548471628716,2277.93687373261,3131.90201426878,2193.65181221883,2821.01751834109,2585.65144412621,2880.00335455525,3135.38090375137,2574.37441774204,2929.69022420496,2489.59783045065,2488.05687692068,2356.03836336023,2354.77507508702,2190.45612450408,2197.02103099523
"2","BRCA2",3575.99009421887,0.222641777674315,0.183686882886776,1.21207227307325,0.22548471628716,0.22548471628716,3980.51278771163,2895.159814765,4133.45308721583,3214.21501161914,3506.797823075,3148.38412988334,2891.94746470636,3522.1593226697,3094.98826209626,3642.09702651098,3644.35272344523,3848.56078597993,3850.62545948574,4139.48344094103,4127.11427317795
