"","gene","baseMean","log2FoldChange","lfcSE","stat","pvalue","padj","Cont_B1_untr_smp2_S2.count","Cont_B1_untr_smp5_S5.count","Cont_B1_untr_smp6_S6.count","Cont_untr_smp10_S10.count","Cont_untr_smp11_S11.count","Cont_untr_smp12_S12.count","Cont_untr_smp13_S2.count","Cont_untr_smp14_S3.count","Cont_untr_smp15_S4.count","Cont_untr_smp16_S5.count","Cont_untr_smp17_S6.count","Cont_untr_smp19_S8.count","Cont_untr_smp20_S9.count","Muta_untr_smp9_S9.count"
"1","BRCA1",2572.03005224157,-0.220406316225383,0.173641471868545,-1.26931840564126,0.204327524387275,0.236749475485757,2312.2770019776,2226.72133465604,2863.54464210746,2624.63040057228,2923.41969575498,3182.64708727615,2613.18337187738,2973.85559997872,2527.12876897751,2525.56458541757,2391.55587944281,2390.2735469714,2223.4774716265,2230.14134474549
"2","BRCA2",3679.26235322611,0.202716660731765,0.171336315394904,1.18315057881649,0.236749475485757,0.236749475485757,4040.51941967192,4195.76530962481,3262.66962727542,3559.66315413939,3195.84633835426,2935.54386457194,3575.25622989065,3141.64552247195,3697.00200672061,3699.29170851378,3906.57822819844,3908.6740268657,4201.88657154096,4189.33093732564
