"","gene","baseMean","log2FoldChange","lfcSE","stat","pvalue","padj","Cont_B1_untr_smp2_S2.count","Cont_B1_untr_smp4_S4.count","Cont_B1_untr_smp5_S5.count","Cont_B1_untr_smp6_S6.count","Cont_untr_smp10_S10.count","Cont_untr_smp11_S11.count","Cont_untr_smp12_S12.count","Cont_untr_smp13_S2.count","Cont_untr_smp14_S3.count","Cont_untr_smp15_S4.count","Cont_untr_smp16_S5.count","Cont_untr_smp17_S6.count","Cont_untr_smp18_S7.count","Cont_untr_smp19_S8.count","Cont_untr_smp20_S9.count","Muta_untr_smp9_S9.count"
"1","BRCA1",2627.83552445453,-0.240053975455679,0.179112864295427,-1.34023860541773,0.180167784295868,0.211613352631565,2329.02497592713,3202.14229704974,2242.84962329697,2884.28548372301,2643.64077066995,2944.59421631033,3205.69920882675,2632.11083039559,2995.39543109562,2545.43292836401,2543.85741531998,2408.87807550041,2573.99401028358,2407.58645501083,2239.58226475479,2246.29440474375
"2","BRCA2",3657.83199946766,0.220862383646956,0.176811351987988,1.249141421994,0.211613352631565,0.211613352631565,4069.78516677978,2960.09059585543,4226.15551289363,3286.30135733059,3585.44602778455,3218.99406294593,2956.80620127705,3601.15204520598,3164.40066700005,3723.77963468082,3726.08592093421,3934.87383047347,3682.46051164804,3936.9848091479,4232.32111151123,4219.67453601397
