"","gene","baseMean","log2FoldChange","lfcSE","stat","pvalue","padj","Cont_B1_trea_21-03-006-0289_T.count","Cont_B1_trea_25-06-009-0425_T.count","Cont_B1_trea_29-99-003-3193_T.count","Cont_B1_trea_35-01-008-0483_T.count","Cont_trea_01-07-111-0075_T.count","Cont_trea_03-07-111-0082_T.count","Cont_trea_05-07-111-0085_T.count","Cont_trea_07-07-111-0097_T.count","Cont_trea_09-07-111-0134_T.count","Cont_trea_11-08-111-0021_T.count","Cont_trea_13-08-111-0059_T.count","Cont_trea_17-08-111-0065_T.count","Cont_trea_19-08-111-0066_T.count","Muta_trea_31-99-005-0355_T.count"
"1","BRCA1",66737.0608386603,-0.115424812342562,0.160988335542226,-0.71697624522795,0.473388754217356,0.537124540094799,77302.1384148272,61383.3066545007,71533.0194166689,73726.4191675242,66341.9201220003,77818.9544661645,70536.9223984818,59762.3581618615,63526.0321981622,54581.373692241,60751.2792696398,63322.174431285,71790.0211897901,61942.9321580971
"2","BRCA2",74852.3253008415,0.0996911429131497,0.161530239301583,0.617167060138025,0.537124540094799,0.537124540094799,63946.9319450303,80530.6011330007,69104.2350054411,67048.3476647096,74511.4789461602,63522.2436272588,70080.1001281658,82714.8515630845,77814.3134927491,90566.3278518945,81368.4031652751,78064.8268764442,68856.8481035814,79803.0447089853
