"","gene","baseMean","log2FoldChange","lfcSE","stat","pvalue","padj","Cont_B1_trea_25-06-009-0425_T.count","Cont_B1_trea_29-99-003-3193_T.count","Cont_B1_trea_35-01-008-0483_T.count","Cont_trea_01-07-111-0075_T.count","Cont_trea_03-07-111-0082_T.count","Cont_trea_05-07-111-0085_T.count","Cont_trea_07-07-111-0097_T.count","Cont_trea_09-07-111-0134_T.count","Cont_trea_11-08-111-0021_T.count","Cont_trea_13-08-111-0059_T.count","Cont_trea_17-08-111-0065_T.count","Cont_trea_19-08-111-0066_T.count","Muta_trea_31-99-005-0355_T.count"
"1","BRCA1",65849.8512554738,-0.0970147724700737,0.153824585762673,-0.63068443831048,0.528246876114073,0.591215981453717,61313.9278953246,71452.1688988697,73643.0895497646,66266.9368675899,77730.9992419269,70457.1977238297,59694.8114870295,63454.231613777,54519.6828484712,60682.6148622658,63250.6042580602,71708.8801945777,61872.9208796718
"2","BRCA2",75605.6513907347,0.0827814337839576,0.154133914849537,0.537074749997544,0.591215981453717,0.591215981453717,80439.5810578887,69026.1296321761,66972.5659673832,74427.2620110453,63450.447324923,70000.8917789448,82621.3627290733,77726.3635139926,90463.9648513989,81276.4361606378,77976.5937538061,68779.0223404779,79712.8469578028
