"","gene","baseMean","log2FoldChange","lfcSE","stat","pvalue","padj","Cont_B1_trea_21-03-006-0289_T.count","Cont_B1_trea_25-06-009-0425_T.count","Cont_B1_trea_29-99-003-3193_T.count","Cont_B1_trea_35-01-008-0483_T.count","Cont_trea_01-07-111-0075_T.count","Cont_trea_03-07-111-0082_T.count","Cont_trea_05-07-111-0085_T.count","Cont_trea_07-07-111-0097_T.count","Cont_trea_09-07-111-0134_T.count","Cont_trea_11-08-111-0021_T.count","Cont_trea_13-08-111-0059_T.count","Cont_trea_15-08-111-0064_T.count","Cont_trea_17-08-111-0065_T.count","Cont_trea_19-08-111-0066_T.count","Muta_trea_31-99-005-0355_T.count"
"1","BRCA1",72929.2910723738,-0.111558364125323,0.155125178059698,-0.719150595156065,0.472048136151945,0.533256154013785,84655.817869726,67222.6426712696,78337.888027268,80739.943825873,72652.9643570472,85221.7981441575,77247.0332400471,65447.4948786861,69569.2036731865,59773.648247272,66530.4911179149,70739.6439665725,69345.9531093862,78619.3381364589,67835.5048207419
"2","BRCA2",82095.2086844602,0.0968468760200829,0.155441678560131,0.623043169098425,0.533256154013785,0.533256154013785,70030.1432156488,88191.4011986404,75678.0556477501,73426.5936850334,81599.6856001615,69565.0546991095,76746.7538983919,90583.437310226,85216.7156793222,99181.8171266695,89108.9025473677,83806.7414115943,85491.0601647259,75407.1350634474,87394.633018815
