"","gene","baseMean","log2FoldChange","lfcSE","stat","pvalue","padj","Cont_B1_untr_wt-RNA11-0047-1_S17.count","Cont_B1_untr_wt-RNA11-0051-1_S19.count","Cont_B1_untr_wt-RNA11-0053-1_S20.count","Cont_B1_untr_wt-RNA11-0055-1_S21.count","Cont_untr_wt-RNA11-0067-1_S25.count","Cont_untr_wt-RNA11-0069-1_S26.count","Cont_untr_wt-RNA11-0071-1_S27.count","Cont_untr_wt-RNA11-0073-1_S28.count","Cont_untr_wt-RNA11-0075-1_S29.count","Cont_untr_wt-RNA11-0077-1_S30.count","Muta_untr_wt-RNA11-0049-1_S18.count"
"1","BRCA1",46903.393611509,-0.0111533875851255,0.145475056530342,-0.0766687283108168,0.938887082485478,0.99136866768453,40447.8860979442,47336.6076334707,48377.2987194463,50433.1375477944,53113.4153211812,43552.3464679575,50645.4415943856,45558.4661267828,50198.9428583711,39697.5091420738,46576.2782171916
"2","BRCA2",84396.5858879562,-0.00158714751295829,0.146713827061955,-0.0108179818135891,0.99136866768453,0.99136866768453,97084.858589909,82956.4579803782,81171.9009953975,77863.0379352909,73933.8127351351,90164.5403874797,77536.6386086558,86194.2386548247,78226.2947878955,98919.9923860643,84310.6717064874
