"","gene","baseMean","log2FoldChange","lfcSE","stat","pvalue","padj","Cont_B1_trea_R9_04.count","Cont_B1_trea_R9_08.count","Cont_B1_trea_R9_10.count","Cont_B1_trea_R9_16.count","Cont_trea_R9_02.count","Muta_trea_R9_06.count"
"1","BRCA1",312154.932218849,0.366561704817635,0.334555115046499,1.0956691090097,0.273223605967179,0.273223605967179,346730.08007265,329653.737787406,206073.745179587,329653.071872744,276876.107818506,383942.850582203
"2","BRCA2",989609.102635988,-0.419328599265195,0.341645937948666,-1.22737768165182,0.219680670839549,0.273223605967179,855381.524821432,899691.010891157,1439225.09068554,899692.828309184,1071188.50712974,772475.653978874
