"","gene","baseMean","log2FoldChange","lfcSE","stat","pvalue","padj","Cont_B2_untr_wt-RNA11-0049-1_S18.count","Cont_B2_untr_wt-RNA11-0057-1_S22.count","Cont_B2_untr_wt-RNA11-0059-1_S23.count","Cont_B2_untr_wt-RNA11-0061-1_S24.count","Cont_B2_untr_wt-RNA17-50740-1_S16.count","Cont_B2_untr_wt-RNAIVS10-2AG-1_S12.count","Cont_untr_wt-RNA11-0067-1_S25.count","Cont_untr_wt-RNA11-0069-1_S26.count","Cont_untr_wt-RNA11-0071-1_S27.count","Cont_untr_wt-RNA11-0073-1_S28.count","Cont_untr_wt-RNA11-0075-1_S29.count","Cont_untr_wt-RNA11-0077-1_S30.count","Muta_untr_wt-RNA11-0051-1_S19.count"
"1","BRCA1",48697.7592590048,-0.0224420055394389,0.132042033349137,-0.169961072017872,0.865040751196763,0.929615924543186,47232.6362306924,46078.3427758663,51213.208366308,50295.4060215883,47897.9252346773,55598.7787829601,53861.8953866747,44166.090904078,51359.1427038377,46200.4810208384,50906.3518587364,40256.9307884303,48003.6802923741
"2","BRCA2",83495.9159881315,0.0117555949141541,0.133090127327862,0.0883280762456158,0.929615924543186,0.929615924543186,85498.7869255724,87640.5890000048,78853.3511147442,80292.2855277808,84311.2322973304,72633.485652363,74975.69612116,91435.1489651116,78629.2934114588,87408.8973056271,79328.668301105,100313.983752125,84125.4894713263
