"","gene","baseMean","log2FoldChange","lfcSE","stat","pvalue","padj","Cont_B1_unt_11.count","Cont_B1_unt_13.count","Cont_B1_unt_15.count","Cont_B1_unt_18.count","Cont_unt_1.count","Cont_unt_10.count","Cont_unt_2.count","Cont_unt_3.count","Cont_unt_4.count","Cont_unt_5.count","Cont_unt_6.count","Cont_unt_7.count","Cont_unt_8.count","Cont_unt_9.count","Muta_unt_20.count"
"1","BRCA1",1812.97696242609,-0.0422717048715622,0.123513383572003,-0.342243922472738,0.732167333400866,0.796128911887641,1646.09224217021,1544.67966280255,1707.58467305592,2097.53431496238,1834.15159641097,2014.23593580851,1867.92136466026,1957.16913631398,1697.02435522934,1838.4156334268,1945.34842444297,1699.96318513746,1764.76101848062,1817.29439948995,1762.47849399946
"2","BRCA2",1131.88390852172,0.0322014307968076,0.124637726282124,0.2583602233237,0.796128911887641,0.796128911887641,1238.94708652705,1320.28745940203,1194.33092822377,972.294552248189,1111.91528093003,1012.50362548663,1091.81319201973,1042.02603124658,1201.76306327433,1109.33629507387,1048.35779645774,1199.68550226377,1155.63589983839,1122.22939121144,1157.13252362226
