"","gene","baseMean","log2FoldChange","lfcSE","stat","pvalue","padj","Cont_B1_trea_21-03-006-0289_T.count","Cont_B1_trea_25-06-009-0425_T.count","Cont_B1_trea_29-99-003-3193_T.count","Cont_B1_trea_35-01-008-0483_T.count","Cont_trea_01-07-111-0075_T.count","Cont_trea_03-07-111-0082_T.count","Cont_trea_05-07-111-0085_T.count","Cont_trea_07-07-111-0097_T.count","Cont_trea_09-07-111-0134_T.count","Cont_trea_11-08-111-0021_T.count","Cont_trea_13-08-111-0059_T.count","Cont_trea_15-08-111-0064_T.count","Cont_trea_17-08-111-0065_T.count","Cont_trea_19-08-111-0066_T.count","Muta_trea_33-99-006-1923_T.count"
"1","BRCA1",66573.0077446232,-0.142009609859107,0.15621602204291,-0.909059186132008,0.363318884897202,0.415974891352193,77377.7015831101,61443.3090971964,71602.9432466536,73798.4870550715,66406.7696303992,77895.0228243304,70605.8725394049,59820.7761205283,63588.1291641681,54634.7272166064,60810.6639028853,64657.9431713028,63384.0721254589,71860.1962400984,60708.5022521333
"2","BRCA2",75150.8324382345,0.127298114115976,0.156496591466444,0.813424196163857,0.415974891352193,0.415974891352193,64009.4403423247,80609.3201372885,69171.7846883588,67113.8877090288,74584.3142329721,63584.3368899206,70148.6037233813,82795.7056814352,77890.3773143438,90654.8568216303,81447.9411246041,76601.6227919316,78141.1355759343,68924.1559647528,81585.003575611
