"","gene","baseMean","log2FoldChange","lfcSE","stat","pvalue","padj","Cont_B1_trea_25-06-009-0425_T.count","Cont_B1_trea_29-99-003-3193_T.count","Cont_B1_trea_35-01-008-0483_T.count","Cont_trea_01-07-111-0075_T.count","Cont_trea_03-07-111-0082_T.count","Cont_trea_05-07-111-0085_T.count","Cont_trea_07-07-111-0097_T.count","Cont_trea_09-07-111-0134_T.count","Cont_trea_11-08-111-0021_T.count","Cont_trea_13-08-111-0059_T.count","Cont_trea_17-08-111-0065_T.count","Cont_trea_19-08-111-0066_T.count","Muta_trea_33-99-006-1923_T.count"
"1","BRCA1",59272.2510582804,-0.127466273009153,0.154991145181561,-0.822410034197987,0.410843570427205,0.465629966970552,55272.8488033408,64412.1990514188,66387.2548019454,59737.8525217942,70072.3949013098,63515.2594292247,53813.2591227793,57202.274757346,49148.0205286184,54703.7371671819,57018.7101998123,64643.6173461007,54611.8351267729
"2","BRCA2",68274.3613592853,0.113232818251194,0.155196835591066,0.729607777245892,0.465629966970552,0.465629966970552,72514.108200786,62225.1902235413,60373.9580834978,67094.1650811581,57198.863323226,63103.9119529589,74480.9254081122,70068.2159178717,81550.8192513529,73268.5104573747,70293.7917158346,62002.4296788971,73391.8083760974
