"","gene","baseMean","log2FoldChange","lfcSE","stat","pvalue","padj","Cont_B1_unt_2.count","Cont_B1_unt_4.count","Cont_B1_unt_5.count","Cont_B1_unt_6.count","Cont_unt_10.count","Cont_unt_11.count","Cont_unt_12.count","Cont_unt_13.count","Cont_unt_14.count","Cont_unt_15.count","Cont_unt_16.count","Cont_unt_17.count","Cont_unt_18.count","Cont_unt_19.count","Cont_unt_20.count","Muta_unt_9.count"
"1","BRCA1",264.719869100136,-0.232382371334522,0.308733985462228,-0.752694495186868,0.451633518649432,0.539576695379215,224.49101392467,310.098535717968,410.786186881425,333.985039313368,239.734082298893,221.318265968246,260.815563275829,246.122866375335,346.972366228742,261.72022769579,227.60149186039,235.53674609744,191.425740580374,244.455008392691,253.211194434144,227.243576556874
"2","BRCA2",1289.18759406716,0.178848574935551,0.291543942868017,0.613453235132094,0.539576695379215,0.539576695379215,1465.41362526436,1060.86341166673,800.8355710597,984.990798482917,1372.23788707886,1486.42132684079,1261.3211666618,1336.61774462249,948.122163532029,1256.96127292462,1445.38679367011,1396.69158212166,1718.53685694112,1345.73716741431,1299.20081649543,1447.66332029759
