"","gene","baseMean","log2FoldChange","lfcSE","stat","pvalue","padj","Cont_B1_unt_13.count","Cont_B1_unt_15.count","Cont_B1_unt_18.count","Cont_unt_1.count","Cont_unt_10.count","Cont_unt_2.count","Cont_unt_3.count","Cont_unt_4.count","Cont_unt_5.count","Cont_unt_6.count","Cont_unt_7.count","Cont_unt_9.count","Muta_unt_16.count"
"1","BRCA1",1746.75348751014,-0.166277868408902,0.126046348281924,-1.31918037035864,0.18710881913915,0.216415215296404,1482.81072059274,1639.19090831639,2013.52192557153,1760.68845589387,1933.5598903407,1793.1056460711,1878.7787832166,1629.05356213181,1764.78170574517,1867.4315254586,1631.87468329932,1744.50643905532,1568.4910919387
"2","BRCA2",1083.61104142074,0.155897221180508,0.126118537506405,1.23611662696763,0.216415215296404,0.216415215296404,1267.4060817979,1146.49447840375,933.351309249305,1067.37981903805,971.949891401207,1048.08287763311,1000.28983839004,1153.62893468957,1064.90412911485,1006.36799786962,1151.6345860791,1077.28081901037,1198.17277579274
