"","gene","baseMean","log2FoldChange","lfcSE","stat","pvalue","padj","Cont_B1_unt_11.count","Cont_B1_unt_13.count","Cont_B1_unt_15.count","Cont_B1_unt_18.count","Cont_unt_1.count","Cont_unt_10.count","Cont_unt_2.count","Cont_unt_3.count","Cont_unt_4.count","Cont_unt_5.count","Cont_unt_6.count","Cont_unt_7.count","Cont_unt_8.count","Cont_unt_9.count","Muta_unt_16.count"
"1","BRCA1",1867.35066601648,-0.151562119874766,0.123075057836926,-1.23146088686455,0.218150536728609,0.247347583875183,1703.51299525488,1598.56283364828,1767.15047099288,2170.70275406959,1898.13243736221,2084.49867161475,1933.08019884583,2025.4412068834,1756.22177684638,1902.54521708538,2013.20815227712,1759.26312216779,1826.32130295291,1880.68720963872,1690.93164060706
"2","BRCA2",1177.64805834268,0.141506419011639,0.122324061143548,1.15681590104812,0.247347583875183,0.247347583875183,1282.16536610939,1366.34314101265,1235.99285917395,1006.21117245934,1150.70230097769,1047.82286166731,1129.89898946623,1078.37509961296,1243.68424992155,1148.03335217397,1084.92773624156,1241.53421720208,1195.94802935362,1161.37619910366,1291.70530066428
