"","gene","baseMean","log2FoldChange","lfcSE","stat","pvalue","padj","Cont_B1_untr_22-03-006-0289_U.count","Cont_B1_untr_26-06-009-0425_U.count","Cont_B1_untr_30-99-003-3193_U.count","Cont_B1_untr_36-01-008-0483_U.count","Cont_untr_02-07-111-0075_U.count","Cont_untr_04-07-111-0082_U.count","Cont_untr_06-07-111-0085_U.count","Cont_untr_08-07-111-0097_U.count","Cont_untr_10-07-111-0134_U.count","Cont_untr_12-08-111-0021_U.count","Cont_untr_14-08-111-0059_U.count","Cont_untr_18-08-111-0065_U.count","Cont_untr_20-08-111-0066_U.count","Muta_untr_24-05-002-0176_U.count"
"1","BRCA1",81600.1896120735,-0.177050741435489,0.102951528923596,-1.71974853881854,0.0854781605627409,0.0961656155046523,75485.5231828288,75397.6171240987,89005.7950870912,82871.289861463,81656.1987314229,78194.3816416411,88593.6799070554,89102.0873088085,83530.9794410973,76840.0194348399,81208.0918430225,76494.1133722648,91247.2357064812,72775.6419269144
"2","BRCA2",67748.4681645125,0.170749264008049,0.10263015164547,1.66373391513532,0.0961656155046523,0.0961656155046523,72869.9123308883,72954.8713393735,61800.7338870651,66375.5018870762,67363.2074727871,70345.5074533732,62088.2151227349,61733.9461141914,65851.2984450611,71585.3990803384,67734.9181805285,71909.1079572978,60282.6311832399,75583.3038492195
