"","gene","baseMean","log2FoldChange","lfcSE","stat","pvalue","padj","Cont_B1_untr_26-06-009-0425_U.count","Cont_B1_untr_30-99-003-3193_U.count","Cont_B1_untr_36-01-008-0483_U.count","Cont_untr_02-07-111-0075_U.count","Cont_untr_04-07-111-0082_U.count","Cont_untr_06-07-111-0085_U.count","Cont_untr_08-07-111-0097_U.count","Cont_untr_10-07-111-0134_U.count","Cont_untr_12-08-111-0021_U.count","Cont_untr_14-08-111-0059_U.count","Cont_untr_18-08-111-0065_U.count","Cont_untr_20-08-111-0066_U.count","Muta_untr_24-05-002-0176_U.count"
"1","BRCA1",82108.3489943648,-0.186946455450615,0.100231973700961,-1.86513792503342,0.0621620738309773,0.0705328189466096,75432.3441012072,89046.7897806427,82909.459096722,81693.8083144877,78230.3967652599,88634.4847867246,89143.1263530691,83569.4525191806,76875.4107601591,81245.4950349804,76529.3453785979,91289.2627729385,72809.1612627721
"2","BRCA2",67385.5333676501,0.181038712853733,0.10010580793788,1.80847361989302,0.0705328189466096,0.0705328189466096,72988.4732255285,61829.1983499069,66406.0734173516,67394.2339249894,70377.9075068524,62116.8119949906,61762.3798156173,65881.6285353332,71618.3702087374,67766.1158369376,71942.2281810023,60310.39643144,75618.1163507638
