"","gene","baseMean","log2FoldChange","lfcSE","stat","pvalue","padj","Cont_B1_trea_T010080483.count","Cont_B1_trea_T060090425.count","Cont_B1_trea_T990033193.count","Cont_trea_T07III0075.count","Cont_trea_T07III0082.count","Cont_trea_T07III0085.count","Cont_trea_T07III0097.count","Cont_trea_T07III0134.count","Cont_trea_T08III0021.count","Cont_trea_T08III0059.count","Cont_trea_T08III0065.count","Cont_trea_T08III0066.count","Muta_trea_T990050355.count"
"1","BRCA1",32557.7710045028,-0.0715495261415224,0.152395195710258,-0.469499880282028,0.638712370405391,0.706615238614554,38414.8825186089,27548.1812761268,34931.7799323371,31777.6359371995,36789.1466766265,35280.3354125839,31563.7189402404,30874.7554685365,28014.00565758,33264.5147312013,29962.2682535408,33731.2279486687,31098.5703052859
"2","BRCA2",62279.3051879289,0.0574616094003173,0.152658673680768,0.376405794802582,0.706615238614554,0.706615238614554,52302.8283261746,72934.2886705243,57518.0254035953,63227.0760956433,54614.1236490676,56949.7705178935,63655.5853682829,65076.0459492054,71721.5178043385,60400.9113548373,67057.9072498468,59565.1901139954,64607.696939671
