"","gene","baseMean","log2FoldChange","lfcSE","stat","pvalue","padj","Cont_B1_trea_T010080483.count","Cont_B1_trea_T030060289.count","Cont_B1_trea_T060090425.count","Cont_B1_trea_T990033193.count","Cont_trea_T07III0075.count","Cont_trea_T07III0082.count","Cont_trea_T07III0085.count","Cont_trea_T07III0097.count","Cont_trea_T07III0134.count","Cont_trea_T08III0021.count","Cont_trea_T08III0059.count","Cont_trea_T08III0064.count","Cont_trea_T08III0065.count","Cont_trea_T08III0066.count","Muta_trea_T990050355.count"
"1","BRCA1",34089.7240289042,-0.083034296476748,0.145017661661026,-0.572580577604664,0.566928713450518,0.630951717678277,39903.7562383016,37227.4379011722,28615.8863018414,36285.6564956235,33009.2650329787,38215.010562328,36647.7211957447,32787.0570983911,32071.390965125,29099.7649798085,34553.7718767261,34463.1497729836,31123.5378152391,35038.5738399755,32303.8803573244
"2","BRCA2",64143.5418113354,0.0700451819895706,0.145809681772511,0.480387729662927,0.630951717678277,0.630951717678277,54329.9673268656,58235.8038821112,75761.056281057,59747.2936146992,65677.6141631803,56730.8432143495,59157.014458456,66122.7314833485,67598.2458947174,74501.2811667182,62741.9136868929,62906.8958271962,69656.9196444186,61873.8017862103,67111.7447398107
