"","gene","baseMean","log2FoldChange","lfcSE","stat","pvalue","padj","Cont_B1_trea_R9_08.count","Cont_B1_trea_R9_10.count","Cont_B1_trea_R9_16.count","Cont_trea_R9_02.count","Muta_trea_R9_12.count"
"1","BRCA1",296820.215809899,0.0194846611249381,0.321184479413261,0.0606650145752142,0.951625994664861,0.951625994664861,341718.432673831,213615.649228307,341717.742387968,287009.242618043,300040.012141344
"2","BRCA2",1105939.05492791,-0.0724651284997501,0.325912019903003,-0.222345676361728,0.824044797279397,0.951625994664861,932617.977262946,1491897.97013945,932619.86119499,1110391.95311858,1062167.51292358
