"","gene","baseMean","log2FoldChange","lfcSE","stat","pvalue","padj","Cont_B1_unt_R9_03.count","Cont_B1_unt_R9_07.count","Cont_B1_unt_R9_09.count","Cont_B1_unt_R9_15.count","Cont_unt_R9_01.count","Muta_unt_R9_13.count"
"1","BRCA1",167275.605901031,-0.578628300050835,0.280826158813378,-2.06045014643867,0.0393555271498058,0.0522774810462177,157797.140284476,223698.858275807,141897.401899665,168302.870435145,193421.670917006,118535.693594086
"2","BRCA2",265217.842695064,0.542223107952188,0.279375235712224,1.94084170191347,0.0522774810462177,0.0522774810462177,269618.510200402,190188.855702288,299829.519834814,252788.498302996,219959.995566575,358921.67656331
