"","gene","baseMean","log2FoldChange","lfcSE","stat","pvalue","padj","Cont_B1_unt_R9_07.count","Cont_B1_unt_R9_09.count","Cont_B1_unt_R9_15.count","Cont_unt_R9_01.count","Muta_unt_R9_13.count"
"1","BRCA1",166439.309513624,-0.617279150120957,0.312013462189572,-1.9783734515465,0.0478865924337255,0.0650104044138121,220086.289607873,139605.86535757,165584.90539436,190298.056100909,116621.431107409
"2","BRCA2",260068.853584505,0.576491368312792,0.312429853851043,1.84518656334182,0.0650104044138121,0.0650104044138121,187117.448425577,294987.498121224,248706.153781338,216407.806725258,353125.360869127
