"","gene","baseMean","log2FoldChange","lfcSE","stat","pvalue","padj","Cont_B2_trea_puro-RNA11-0050-1_S3.count","Cont_B2_trea_puro-RNA11-0058-1_S7.count","Cont_B2_trea_puro-RNA11-0060-1_S8.count","Cont_B2_trea_puro-RNA11-0062-1_S9.count","Cont_B2_trea_puro-RNA17-50741-1_S1.count","Cont_B2_trea_puro-RNAIVS10-2pAG-1_S11.count","Cont_trea_puro-RNA11-0068-1_S10.count","Cont_trea_puro-RNA11-0070-1_S11.count","Cont_trea_puro-RNA11-0072-1_S12.count","Cont_trea_puro-RNA11-0074-1_S13.count","Cont_trea_puro-RNA11-0076-1_S14.count","Cont_trea_puro-RNA11-0078-1_S15.count","Muta_trea_puro-RNA11-0054-1_S5.count"
"1","BRCA1",64942.8757515056,-0.12738715547663,0.193205711092569,-0.659334316549245,0.509681110615723,0.577604141093838,63233.9153416316,70099.1606911431,60463.9091041716,58729.4319443371,59738.8431469275,84443.4566551832,79455.423043906,60005.9603742373,68042.1471979464,63379.7761791156,62821.6126959261,54001.3346692852,59842.4137257619
"2","BRCA2",146907.905589484,0.105465747842558,0.18938422037485,0.556887726093592,0.577604141093838,0.577604141093838,148706.251003325,134142.526016061,155518.864493446,160111.858320509,157406.437610255,111355.916244796,118346.59141541,156705.7410309,138197.850508155,148364.021673749,149682.22054773,174130.482964972,157134.010833985
