"","gene","baseMean","log2FoldChange","lfcSE","stat","pvalue","padj","Cont_B1_untr_smp2_S2.count","Cont_B1_untr_smp4_S4.count","Cont_B1_untr_smp5_S5.count","Cont_B1_untr_smp6_S6.count","Cont_untr_smp10_S10.count","Cont_untr_smp11_S11.count","Cont_untr_smp12_S12.count","Cont_untr_smp13_S2.count","Cont_untr_smp14_S3.count","Cont_untr_smp15_S4.count","Cont_untr_smp16_S5.count","Cont_untr_smp17_S6.count","Cont_untr_smp18_S7.count","Cont_untr_smp19_S8.count","Cont_untr_smp20_S9.count","Muta_untr_smp3_S3.count"
"1","BRCA1",2645.9017358017,0.0356822324381076,0.176936449396893,0.201666940643007,0.840177109099147,0.840177109099147,2318.94442573229,3188.28269636273,2233.1420596423,2871.80163967006,2632.19849170716,2931.84934233613,3191.82421301599,2620.71845563859,2982.43067790119,2534.41571529537,2532.84702143039,2398.45190291561,2562.85317835173,2397.16587285349,2229.88884297157,2707.61323700255
"2","BRCA2",3596.31781532847,-0.0548731602879216,0.175237878364763,-0.313135269611639,0.754177894266566,0.840177109099147,4052.17021027224,2947.2786500235,4207.86374993735,3272.07749707561,3569.92740130886,3205.06152398056,2944.0084710524,3585.56543951211,3150.7044206781,3707.66226886898,3709.95857299055,3917.84280093603,3666.52198440515,3919.94464281429,4214.00266244081,3470.494748959
