"","gene","baseMean","log2FoldChange","lfcSE","stat","pvalue","padj","Cont_B1_untr_smp2_S2.count","Cont_B1_untr_smp4_S4.count","Cont_B1_untr_smp5_S5.count","Cont_B1_untr_smp6_S6.count","Cont_untr_smp10_S10.count","Cont_untr_smp11_S11.count","Cont_untr_smp12_S12.count","Cont_untr_smp13_S2.count","Cont_untr_smp14_S3.count","Cont_untr_smp15_S4.count","Cont_untr_smp16_S5.count","Cont_untr_smp17_S6.count","Cont_untr_smp19_S8.count","Cont_untr_smp20_S9.count","Muta_untr_smp3_S3.count"
"1","BRCA1",2592.52813554059,0.0325799970879076,0.183133528692058,0.177902961410695,0.858799185078873,0.858799185078873,2267.42166852796,3117.4448127806,2183.52567605631,2807.99539361352,2573.71579488315,2866.70894477048,3120.90764332969,2562.49082448346,2916.16645440747,2478.10557517084,2476.57173485053,2345.16263315609,2343.90517635942,2180.3447399848,2647.45496073457
"2","BRCA2",3511.83783768551,-0.0530938693492075,0.181751889897331,-0.292122791015816,0.770192741604667,0.858799185078873,3962.13830628277,2881.79544110585,4114.37261667379,3199.37784435223,3490.6100616203,3133.85084515076,2878.59791960565,3505.90065085644,3080.70145851658,3625.28470916776,3627.52999355879,3830.79540939123,3832.85055213881,4120.3751336281,3393.38662323363
