"","gene","baseMean","log2FoldChange","lfcSE","stat","pvalue","padj","Cont_B1_untr_smp2_S2.count","Cont_B1_untr_smp5_S5.count","Cont_B1_untr_smp6_S6.count","Cont_untr_smp10_S10.count","Cont_untr_smp11_S11.count","Cont_untr_smp12_S12.count","Cont_untr_smp13_S2.count","Cont_untr_smp14_S3.count","Cont_untr_smp15_S4.count","Cont_untr_smp16_S5.count","Cont_untr_smp17_S6.count","Cont_untr_smp19_S8.count","Cont_untr_smp20_S9.count","Muta_untr_smp3_S3.count"
"1","BRCA1",2592.69449446284,0.0553273850707753,0.171128239384134,0.323309497426554,0.74646086201815,0.74646086201815,2300.84275828119,2215.71016498965,2849.38437184338,2611.65156473752,2908.96334247223,3166.90885073941,2600.26114176745,2959.14984040968,2514.63208014136,2513.07563149207,2379.72960053429,2378.45360921577,2212.48234291039,2686.47762294534
"2","BRCA2",3609.26759345858,-0.0730173495040239,0.169531635185882,-0.430700437850225,0.666686200410534,0.74646086201815,4020.53899186629,4175.01718861588,3246.53567810443,3542.0605676211,3180.0428313273,2921.02755709653,3557.57653538401,3126.11003927466,3678.72027756151,3680.99865674572,3887.2601415496,3889.3455764617,4181.10818080205,3443.40408600937
