"","gene","baseMean","log2FoldChange","lfcSE","stat","pvalue","padj","Cont_B1_untr_wt-RNA11-0047-1_S17.count","Cont_B1_untr_wt-RNA11-0051-1_S19.count","Cont_B1_untr_wt-RNA11-0053-1_S20.count","Cont_B1_untr_wt-RNA11-0055-1_S21.count","Cont_untr_wt-RNA11-0067-1_S25.count","Cont_untr_wt-RNA11-0069-1_S26.count","Cont_untr_wt-RNA11-0071-1_S27.count","Cont_untr_wt-RNA11-0073-1_S28.count","Cont_untr_wt-RNA11-0075-1_S29.count","Cont_untr_wt-RNA11-0077-1_S30.count","Muta_untr_wt-RNA11-0061-1_S24.count"
"1","BRCA1",49425.3580778961,0.0794899949443083,0.146586071302761,0.542275226001033,0.587628919526039,0.587628919526039,42374.6880337794,49591.5652103187,50681.8313369827,52835.6034472985,55643.5606843248,45627.0345068188,53058.020948199,47728.7189927597,52590.252506598,41588.5656308497,51959.0975589279
"2","BRCA2",87927.9818874893,-0.0922301834686095,0.147877678765974,-0.623692393864052,0.532829619228297,0.587628919526039,101709.656361005,86908.2260267868,85038.6587190183,81572.1724957583,77455.772156124,94459.6773580895,81230.2245974897,90300.2437374094,81952.7336891907,103632.209789979,82948.2258315311
