"","gene","baseMean","log2FoldChange","lfcSE","stat","pvalue","padj","Cont_B1_untr_wt-RNA11-0047-1_S17.count","Cont_B1_untr_wt-RNA11-0053-1_S20.count","Cont_B1_untr_wt-RNA11-0055-1_S21.count","Cont_untr_wt-RNA11-0067-1_S25.count","Cont_untr_wt-RNA11-0069-1_S26.count","Cont_untr_wt-RNA11-0071-1_S27.count","Cont_untr_wt-RNA11-0073-1_S28.count","Cont_untr_wt-RNA11-0075-1_S29.count","Cont_untr_wt-RNA11-0077-1_S30.count","Muta_untr_wt-RNA11-0061-1_S24.count"
"1","BRCA1",49796.0052107791,0.0808585307265324,0.15558728543845,0.519698833350492,0.603273500173055,0.603273500173055,42706.8226933632,51079.0777493875,53249.7312197763,56079.697348533,45984.6612004161,53473.8920387842,48102.8187813503,53002.4572076633,41914.5386286301,52366.3552398873
"2","BRCA2",88719.940133381,-0.094979022844554,0.156757869906054,-0.605896360428193,0.544583576440638,0.603273500173055,102506.861099478,85705.1954482701,82211.5387542612,78062.8738885866,95200.0564438001,81866.9106533986,91008.0210003392,82595.0828029852,104444.48358638,83598.3776563108
