"","gene","baseMean","log2FoldChange","lfcSE","stat","pvalue","padj","Cont_B2_untr_050020176.count","Cont_B2_untr_060090915.count","Cont_B2_untr_990050355.count","Cont_B2_untr_990061923.count","Cont_untr_07III0075.count","Cont_untr_07III0082.count","Cont_untr_07III0085.count","Cont_untr_07III0097.count","Cont_untr_07III0134.count","Cont_untr_08III0021.count","Cont_untr_08III0059.count","Cont_untr_08III0064.count","Cont_untr_08III0065.count","Cont_untr_08III0066.count","Muta_untr_030060289.count"
"1","BRCA1",20350.4797591059,-0.0506081349911082,0.122429756918807,-0.413364661212802,0.67933946179712,0.733761185081864,19674.1329546788,18359.390351101,18813.3391820523,17633.2408355282,19468.8506054708,21385.5043561927,21228.9725330935,21577.9484946938,20777.3039189239,22838.5707049912,20395.6251978466,20469.9387705243,19196.0610726318,23746.4936671811,19691.8237416783
"2","BRCA2",28649.1574231517,0.0414977894233968,0.122006889498503,0.340126607554453,0.733761185081864,0.733761185081864,29456.7332478635,31566.1726912529,30804.5095408606,32866.0903423551,29767.3292621665,27099.463107175,27299.2809908981,26857.7750322969,27892.7279781057,25375.304515108,28414.7056394312,28311.5495764687,30190.3439531786,24405.1056316548,29430.2698384595
