"","gene","baseMean","log2FoldChange","lfcSE","stat","pvalue","padj","Cont_R9_02.count","Cont_R9_08.count","Cont_R9_10.count","Cont_R9_16.count","Muta_R9_18.count"
"1","BRCA1",292186.490180531,0.00329927272441712,0.320781681179893,0.0102851032898194,0.991793819558588,0.991793819558588,283167.344039371,337144.19823866,210756.195464149,337143.517192947,292721.195967531
"2","BRCA2",1093499.58058435,-0.0562797409653302,0.325513180090348,-0.172895429148858,0.862733624559201,0.991793819558588,1095528.27406928,920133.976230062,1471927.46104114,920135.834943838,1059772.35663742
