"","gene","baseMean","log2FoldChange","lfcSE","stat","pvalue","padj","Cont_B2_untr_050020176.count","Cont_B2_untr_060090915.count","Cont_B2_untr_990050355.count","Cont_B2_untr_990061923.count","Cont_untr_07III0075.count","Cont_untr_07III0082.count","Cont_untr_07III0085.count","Cont_untr_07III0097.count","Cont_untr_07III0134.count","Cont_untr_08III0021.count","Cont_untr_08III0059.count","Cont_untr_08III0064.count","Cont_untr_08III0065.count","Cont_untr_08III0066.count","Muta_untr_060090425.count"
"1","BRCA1",20709.1699864346,-0.228715163944145,0.123698168188125,-1.84897777626186,0.0644610218154592,0.0748062830321201,20172.0263733621,18824.0115696273,19289.4484867814,18079.4853832443,19961.5489423236,21926.7074627641,21766.2142877357,22124.0217864086,21303.1152928251,23416.546571696,20911.7774257151,20987.9716524902,19681.8559228914,24347.4463465663,17845.3722920879
"2","BRCA2",29638.5053179349,0.219603324480802,0.123258379897077,1.78165025910754,0.0748062830321201,0.0748062830321201,30202.1949997895,32365.0180417544,31584.0794767501,33697.832717839,30520.6512695735,27785.2694073558,27990.1440836435,27537.4649306961,28598.6094378587,26017.4775218809,29133.7967914675,29028.0301573065,30954.3711962952,25022.7258085776,34139.9139282345
