"","gene","baseMean","log2FoldChange","lfcSE","stat","pvalue","padj","Cont_B2_trea_T050020176.count","Cont_B2_trea_T060090915.count","Cont_B2_trea_T990050355.count","Cont_B2_trea_T990061923.count","Cont_trea_T07III0075.count","Cont_trea_T07III0082.count","Cont_trea_T07III0085.count","Cont_trea_T07III0097.count","Cont_trea_T07III0134.count","Cont_trea_T08III0021.count","Cont_trea_T08III0059.count","Cont_trea_T08III0064.count","Cont_trea_T08III0065.count","Cont_trea_T08III0066.count","Muta_trea_T010080483.count"
"1","BRCA1",34142.7467025741,0.266081490187901,0.10779951174966,2.4682995856773,0.0135756648158365,0.0135756648158365,31082.3705963925,33221.5466396549,32796.1016783411,32385.0760807408,33512.2344552463,38797.3010727431,37206.1305738036,33286.6406895482,32560.0697942031,29543.164490988,35080.275289045,34988.2723564013,31597.7739976629,35572.4642863021,40511.7785375389
"2","BRCA2",65884.6140263017,-0.273045623450184,0.107394344133626,-2.5424581308532,0.0110075788370642,0.0135756648158365,71890.9380727173,67261.7925931009,68134.3411364716,68999.0900168786,66678.3583972177,57595.2635341525,60058.402882449,67130.2580677698,68628.2552163426,75636.4735531339,63697.9260079042,63865.42201732,70718.2974301854,62816.5864954977,55157.8049733842
