"","gene","baseMean","log2FoldChange","lfcSE","stat","pvalue","padj","Cont_B1_untr_00006-00006_0074.count","Cont_B1_untr_00014-00014_0075.count","Cont_B1_untr_00019-00019_0075.count","Cont_untr_00001_0074.count","Cont_untr_00003_0074.count","Cont_untr_00004_0074.count","Cont_untr_00005_0074.count","Cont_untr_00009-00009_0074.count","Cont_untr_00010-00010_0074.count","Cont_untr_00011-00011_0075.count","Cont_untr_00012-00012_0075.count","Cont_untr_00013-00013_0075.count","Muta_untr_00007-00007_0074.count"
"1","BRCA1",1485.97773749201,-0.133420431163239,0.154866729529253,-0.8615177163539,0.388952967938458,0.434311493781448,1291.82987744838,1787.55812904182,1536.13556240512,1547.67817099395,1344.30044703295,1547.97641182471,1266.96896785315,1495.25381944183,1677.21034402559,1587.14825966535,1458.09038089047,1413.73132764665,1363.82888912617
"2","BRCA2",2155.36738018887,0.11959863604473,0.152971690566245,0.781835093813891,0.434311493781448,0.434311493781448,2456.04112455609,1774.92818465387,2065.43444640775,2050.03040322384,2360.17722968569,2049.63543417531,2504.23442518855,2121.90550105256,1891.70506624008,1999.04910308282,2175.98809135948,2244.26469364939,2326.38223917983
