"","gene","baseMean","log2FoldChange","lfcSE","stat","pvalue","padj","Cont_B1_untr_00006-00006_0074.count","Cont_B1_untr_00008-00008_0074.count","Cont_B1_untr_00014-00014_0075.count","Cont_B1_untr_00019-00019_0075.count","Cont_untr_00001_0074.count","Cont_untr_00002_0074.count","Cont_untr_00003_0074.count","Cont_untr_00004_0074.count","Cont_untr_00005_0074.count","Cont_untr_00009-00009_0074.count","Cont_untr_00010-00010_0074.count","Cont_untr_00011-00011_0075.count","Cont_untr_00012-00012_0075.count","Cont_untr_00013-00013_0075.count","Muta_untr_00007-00007_0074.count"
"1","BRCA1",1561.07456684542,-0.14828497651434,0.151434455924161,-0.979202359260967,0.327480003149858,0.368842170926507,1342.78236562132,1765.83538212975,1858.06318239169,1596.7239807734,1608.72185412881,1570.64138617127,1397.32248486011,1609.03185820538,1316.94088944822,1554.22977585889,1743.36304858007,1649.74872613624,1515.60053310506,1469.49186547685,1417.62116979425
"2","BRCA2",2216.585379667,0.134823656048961,0.150030062751214,0.898644268865847,0.368842170926507,0.368842170926507,2552.91255363187,1941.29418443054,1844.93508642567,2146.89952632249,2130.88791526773,2182.55165575802,2453.26758506526,2130.47736780897,2603.00669943238,2205.59791816869,1966.31789390178,2077.89580539253,2261.81363961855,2332.78321474599,2418.13964903451
