"","gene","baseMean","log2FoldChange","lfcSE","stat","pvalue","padj","Cont_B1_untr_010080483.count","Cont_B1_untr_060090425.count","Cont_B1_untr_990033193.count","Cont_untr_07III0075.count","Cont_untr_07III0082.count","Cont_untr_07III0085.count","Cont_untr_07III0097.count","Cont_untr_07III0134.count","Cont_untr_08III0021.count","Cont_untr_08III0059.count","Cont_untr_08III0065.count","Cont_untr_08III0066.count","Muta_untr_990061923.count"
"1","BRCA1",19974.2978499938,-0.240765230094973,0.125937535836516,-1.91178292076097,0.0559040433192892,0.0678001449411225,21523.7371442162,16882.9703731441,19255.5215088474,18885.0214990883,20744.1989113656,20592.3611421812,20930.872062576,20154.2371017892,22153.6909143989,19784.0041075895,18620.4123397298,23034.387212703,17104.4577322905
"2","BRCA2",27516.852368062,0.231432224748205,0.126719633271521,1.8263328165756,0.0678001449411225,0.0678001449411225,25334.7630178049,32298.7464737636,28319.0865308786,28874.6708513182,26286.8082848683,26480.6340584839,26052.3679173992,27056.2848423487,24614.3535139701,27562.6095122502,29285.0002383006,23673.2488158192,31880.5067276004
