"","gene","baseMean","log2FoldChange","lfcSE","stat","pvalue","padj","Cont_B1_untr_010080483.count","Cont_B1_untr_030060289.count","Cont_B1_untr_060090425.count","Cont_B1_untr_990033193.count","Cont_untr_07III0075.count","Cont_untr_07III0082.count","Cont_untr_07III0085.count","Cont_untr_07III0097.count","Cont_untr_07III0134.count","Cont_untr_08III0021.count","Cont_untr_08III0059.count","Cont_untr_08III0065.count","Cont_untr_08III0066.count","Muta_untr_990061923.count"
"1","BRCA1",19208.4221883427,-0.234673701493312,0.12236167955335,-1.91786924100689,0.0551275933167749,0.0660253916069587,20763.2706898724,18426.4298047594,16286.469285418,18575.1945716496,18217.7848922021,20011.2747314879,19864.8016222225,20191.3524356125,19442.1571722626,21370.9672327529,19085.0050743076,17962.52477794,22220.5471878849,16500.1311584248
"2","BRCA2",26615.67177518,0.225763876138814,0.122814482858677,1.83825124597562,0.0660253916069587,0.0660253916069587,24439.6472080038,27539.0846692233,31157.5825092495,27318.5300206362,27854.4846998372,25358.0552640305,25545.0328775039,25131.8980322367,26100.3450413785,23744.6908704749,26588.7804886098,28250.3165238759,22836.8368363781,30754.1198110821
