"","gene","baseMean","log2FoldChange","lfcSE","stat","pvalue","padj","Cont_B1_trea_25-06-009-0425_T.count","Cont_B1_trea_29-99-003-3193_T.count","Cont_B1_trea_35-01-008-0483_T.count","Cont_trea_01-07-111-0075_T.count","Cont_trea_03-07-111-0082_T.count","Cont_trea_05-07-111-0085_T.count","Cont_trea_07-07-111-0097_T.count","Cont_trea_09-07-111-0134_T.count","Cont_trea_11-08-111-0021_T.count","Cont_trea_13-08-111-0059_T.count","Cont_trea_17-08-111-0065_T.count","Cont_trea_19-08-111-0066_T.count","Muta_trea_15-08-111-0064_T.count","Muta_trea_21-03-006-0289_T.count"
"1","BRCA1",76192.6200894658,0.0987517587108331,0.116031320161653,0.851078472374993,0.39472576306308,0.39472576306308,69881.9803231966,81436.9464237388,83934.0279037723,75527.1263352311,88593.1850394624,80302.9372603559,68036.6074223019,72321.3716242057,62138.3025818887,69162.447152376,72089.2892351968,81729.5307407318,73538.1147081076,88004.8145019553
"2","BRCA2",84949.4022154803,-0.101368968836187,0.116220236749042,-0.872214441062245,0.383091402803541,0.39472576306308,91680.2660284663,78671.8906832582,76331.3605534565,84827.7811893678,72317.0585161027,79782.8667942093,94166.931441185,88587.901511569,103105.46443047,92634.0638657785,88873.0991052506,78390.2524407099,87122.1484539957,72800.546002905
