"","gene","baseMean","log2FoldChange","lfcSE","stat","pvalue","padj","Cont_B1_untr_wt-RNA11-0047-1_S17.count","Cont_B1_untr_wt-RNA11-0053-1_S20.count","Cont_B1_untr_wt-RNA11-0055-1_S21.count","Cont_untr_wt-RNA11-0067-1_S25.count","Cont_untr_wt-RNA11-0069-1_S26.count","Cont_untr_wt-RNA11-0071-1_S27.count","Cont_untr_wt-RNA11-0073-1_S28.count","Cont_untr_wt-RNA11-0075-1_S29.count","Cont_untr_wt-RNA11-0077-1_S30.count","Muta_untr_wt-RNA11-0051-1_S19.count"
"1","BRCA1",47308.5162510572,0.0135760478280289,0.154301724398795,0.0879837725788562,0.929889573725396,0.929889573725396,40768.8168976063,48761.1448647289,50833.2955961901,53534.8398379171,43897.9093818086,51047.2841537414,45919.9464506258,50597.2427060992,40012.486130555,47712.1964912992
"2","BRCA2",85074.8840240977,-0.0276969219610851,0.155454324891058,-0.178167587042015,0.858591364214374,0.929889573725396,97855.1713134688,81815.9535185249,78480.8365260056,74520.4351753215,90879.9443514262,78151.8474077395,86878.1405494943,78846.9756135904,99704.8658447701,83614.6699406353
