"","gene","baseMean","log2FoldChange","lfcSE","stat","pvalue","padj","Cont_B1_trea_25-06-009-0425_T.count","Cont_B1_trea_29-99-003-3193_T.count","Cont_B1_trea_35-01-008-0483_T.count","Cont_trea_01-07-111-0075_T.count","Cont_trea_03-07-111-0082_T.count","Cont_trea_05-07-111-0085_T.count","Cont_trea_07-07-111-0097_T.count","Cont_trea_09-07-111-0134_T.count","Cont_trea_11-08-111-0021_T.count","Cont_trea_13-08-111-0059_T.count","Cont_trea_17-08-111-0065_T.count","Cont_trea_19-08-111-0066_T.count","Muta_trea_21-03-006-0289_T.count"
"1","BRCA1",69481.6736712537,0.222551539791548,0.15557693728237,1.43049184332264,0.152575905200313,0.152575905200313,63556.5382069353,74065.5942046683,76336.6496864618,68690.7077959803,80574.0782358115,73034.2310923721,61878.2012059041,65775.1253978994,56513.7877303255,62902.1343498763,65564.0501943065,74331.694939589,80038.9646861674
"2","BRCA2",77108.1103235023,-0.236785291614531,0.155931927986704,-1.51851705209931,0.128884104092684,0.152575905200313,83381.7287906198,71550.8204389365,69422.1458946371,77149.5039384566,65771.2026953848,72561.2353601522,85643.3110265609,80569.2729520907,93772.7631517016,84249.1925975764,80828.655580853,71294.6749828365,66210.9267957238
