"","gene","baseMean","log2FoldChange","lfcSE","stat","pvalue","padj","Cont_B2_unt_05.002.0176_LCL_mRNA.count","Cont_B2_unt_05.002.0176_LCL_totRNA.count","Cont_B2_unt_06.009.0916_RNA_LW_untr_mRNA.count","Cont_B2_unt_99.005.0355_LCL_mRNA.count","Cont_B2_unt_99.005.0355_LCL_totRNA.count","Cont_B2_unt_99.006.1923_LCL_totRNA.count","Cont_unt_07.111.0075_LCL_mRNA.count","Cont_unt_07.111.0075_LCL_totRNA.count","Cont_unt_07.111.0085_RNA_MT_mRNA.count","Cont_unt_07.111.0085_RNA_MT_totRNA.count","Cont_unt_07.111.0097_RNA_MT_mRNA.count","Cont_unt_07.111.0097_RNA_MT_totRNA.count","Cont_unt_08.111.0021_LCL_mRNA.count","Cont_unt_08.111.0021_LCL_totRNA.count","Muta_unt_06.009.0425_LCL_mRNA.count","Muta_unt_06.009.0425_LCL_totRNA.count"
"1","BRCA1",421098.517242806,-0.2497019356064,0.200368771721018,-1.24621183960777,0.212686633555945,0.285492702315481,335954.131579986,522221.67227813,444454.544443617,369521.258004115,422227.869329346,459945.882653737,383725.462263866,520599.355659998,411518.839068139,571099.80387355,311194.959252204,507005.224932706,327549.129756721,427855.396171078,327832.586258954,394870.160358756
"2","BRCA2",413108.501116722,0.214775078662438,0.201088652669215,1.06806165246796,0.285492702315481,0.285492702315481,501172.981645266,322413.148970796,378826.442264777,455646.678433078,398768.404576001,366067.270454822,438780.196723584,323417.868250207,409145.627940763,294819.106359328,541047.111510355,332089.543736626,514033.219825805,393523.455183126,513588.767185553,426396.194807466
