"","gene","baseMean","log2FoldChange","lfcSE","stat","pvalue","padj","Cont_B2_unt_12.count","Cont_B2_unt_14.count","Cont_B2_unt_16.count","Cont_B2_unt_17.count","Cont_B2_unt_20.count","Cont_unt_1.count","Cont_unt_10.count","Cont_unt_2.count","Cont_unt_3.count","Cont_unt_4.count","Cont_unt_5.count","Cont_unt_6.count","Cont_unt_7.count","Cont_unt_8.count","Cont_unt_9.count","Muta_unt_18.count"
"1","BRCA1",1825.84462339679,0.228227154886378,0.0951187364096087,2.39939220705757,0.0164223141868502,0.0197855808184151,1667.98721796466,1696.10663730473,1646.52642357511,1734.77578716194,1776.06053101971,1848.28596171983,2029.75806963357,1882.315967041,1972.25150115123,1710.10198862768,1852.5828583188,1960.33969634105,1713.06346578895,1778.36064512373,1831.2988596264,2113.69836395025
"2","BRCA2",1140.05044472847,-0.234551425043795,0.100649027817377,-2.3303893751401,0.0197855808184151,0.0197855808184151,1241.60108145184,1221.0168205955,1257.78408655966,1193.79965353381,1166.04963485322,1120.48393839756,1020.30619543078,1100.22693848171,1050.05610717695,1211.02410700935,1117.88507832365,1056.43666632789,1208.93053586837,1164.5414777657,1130.87753142338,979.787262456104
