"","gene","baseMean","log2FoldChange","lfcSE","stat","pvalue","padj","Cont_B2_trea_puro-RNA11-0050-1_S3.count","Cont_B2_trea_puro-RNA11-0058-1_S7.count","Cont_B2_trea_puro-RNA11-0060-1_S8.count","Cont_B2_trea_puro-RNA11-0062-1_S9.count","Cont_B2_trea_puro-RNA17-50741-1_S1.count","Cont_B2_trea_puro-RNAIVS10-2pAG-1_S11.count","Cont_trea_puro-RNA11-0068-1_S10.count","Cont_trea_puro-RNA11-0070-1_S11.count","Cont_trea_puro-RNA11-0072-1_S12.count","Cont_trea_puro-RNA11-0074-1_S13.count","Cont_trea_puro-RNA11-0076-1_S14.count","Cont_trea_puro-RNA11-0078-1_S15.count","Muta_trea_puro-RNA11-0056-1_S6.count"
"1","BRCA1",64811.6472724149,0.124029775227029,0.193471899111153,0.641073849984653,0.521474703152225,0.521474703152225,62265.9139995655,69026.0643747103,59538.3117432746,57830.386414201,58824.3452856567,83150.7740982152,78239.0986122241,59087.3734124715,67000.5401829636,62409.5419611367,61859.9229907755,53174.6680909022,70144.4733752964
"2","BRCA2",142755.49312968,-0.145951221108063,0.189711230653761,-0.769333584549018,0.441695304753029,0.521474703152225,146429.816754914,132089.037085158,153138.14097296,157660.824047246,154996.818625991,109651.250705907,116534.910789592,154306.848493441,136082.281607514,146092.826361572,147390.845901848,171464.847913053,129982.961426647
