"","gene","baseMean","log2FoldChange","lfcSE","stat","pvalue","padj","Cont_B1_untr_22-03-006-0289_U.count","Cont_B1_untr_26-06-009-0425_U.count","Cont_B1_untr_30-99-003-3193_U.count","Cont_B1_untr_36-01-008-0483_U.count","Cont_untr_02-07-111-0075_U.count","Cont_untr_04-07-111-0082_U.count","Cont_untr_06-07-111-0085_U.count","Cont_untr_08-07-111-0097_U.count","Cont_untr_10-07-111-0134_U.count","Cont_untr_12-08-111-0021_U.count","Cont_untr_14-08-111-0059_U.count","Cont_untr_18-08-111-0065_U.count","Cont_untr_20-08-111-0066_U.count","Muta_untr_28-06-009-0915_U.count"
"1","BRCA1",66210.2943675399,-0.00698857028036079,0.102127412112638,-0.0684299164719165,0.945443407738271,0.994628012061695,60764.5806755273,60693.8177719618,71648.1728961413,66709.9990322034,65731.8710430708,62945.1663218692,71316.4270851699,71725.6865203206,67241.0380843592,61854.9274507716,65371.1525102534,61576.4788693848,73452.4950178341,65912.3078666905
"2","BRCA2",54053.1321167464,0.000686986114820357,0.10203512732288,0.00673283929608336,0.994628012061695,0.994628012061695,58659.0577894558,58727.4483669804,49748.5547128274,53431.1662585566,54226.252696538,56626.9541837627,49979.9722880259,49694.7916753362,53009.1912758097,57625.0461571489,54525.4735846784,57885.6263762426,48526.5074866739,54077.806782413
