"","gene","baseMean","log2FoldChange","lfcSE","stat","pvalue","padj","Cont_B1_untr_26-06-009-0425_U.count","Cont_B1_untr_30-99-003-3193_U.count","Cont_B1_untr_36-01-008-0483_U.count","Cont_untr_02-07-111-0075_U.count","Cont_untr_04-07-111-0082_U.count","Cont_untr_06-07-111-0085_U.count","Cont_untr_08-07-111-0097_U.count","Cont_untr_10-07-111-0134_U.count","Cont_untr_12-08-111-0021_U.count","Cont_untr_14-08-111-0059_U.count","Cont_untr_18-08-111-0065_U.count","Cont_untr_20-08-111-0066_U.count","Muta_untr_28-06-009-0915_U.count"
"1","BRCA1",65556.745571648,-0.0168843347004249,0.099299418017579,-0.170034578625988,0.86498294278338,0.912036491952328,59716.9025428162,70494.9386160754,65636.2485847409,64673.8643428913,61932.0138487132,70168.532517563,70571.204596875,66158.7401413467,60859.323238636,64318.951861515,60585.3565084439,72270.2187393625,64851.3968924454
"2","BRCA2",52834.5047974526,0.010976476763675,0.0993614385764513,0.110470187639538,0.912036491952328,0.912036491952328,57782.1834160405,48947.8121905899,52571.1491769963,53353.4380669199,55715.4983559204,49175.5049160128,48894.9145119115,52155.9662169314,56697.5252458322,53647.8427570811,56953.9112192219,47745.4347856767,53207.3815077495
