"","gene","baseMean","log2FoldChange","lfcSE","stat","pvalue","padj","Cont_B2_untr_wt-RNA11-0049-1_S18.count","Cont_B2_untr_wt-RNA11-0057-1_S22.count","Cont_B2_untr_wt-RNA11-0059-1_S23.count","Cont_B2_untr_wt-RNA11-0061-1_S24.count","Cont_B2_untr_wt-RNA17-50740-1_S16.count","Cont_B2_untr_wt-RNAIVS10-2AG-1_S12.count","Cont_untr_wt-RNA11-0067-1_S25.count","Cont_untr_wt-RNA11-0069-1_S26.count","Cont_untr_wt-RNA11-0071-1_S27.count","Cont_untr_wt-RNA11-0073-1_S28.count","Cont_untr_wt-RNA11-0075-1_S29.count","Cont_untr_wt-RNA11-0077-1_S30.count","Muta_untr_wt-RNA11-0053-1_S20.count"
"1","BRCA1",50438.89578924,0.00893188749293316,0.1319728377824,0.0676797410968783,0.94604057658977,0.94604057658977,48839.9704964048,47646.3962482398,52956.0021469089,52006.9668396543,49527.8993930157,57490.8142355895,55694.8244158396,45669.0701353445,53106.9026535957,47772.6908774827,52638.7032626538,41626.8806674212,50728.5238879695
"2","BRCA2",86193.3501781517,-0.0196182998639743,0.133057746203178,-0.147441997356677,0.882783158633956,0.94604057658977,88408.3245010554,90623.012447193,81536.7434325886,83024.6450169025,87180.3571963526,75105.2149404969,77527.1312111386,94546.7019028798,81305.0610093484,90383.4362469064,82028.2357398338,103727.684876649,85117.0037946271
