"","gene","baseMean","log2FoldChange","lfcSE","stat","pvalue","padj","Cont_B1_trea_21-03-006-0289_T.count","Cont_B1_trea_25-06-009-0425_T.count","Cont_B1_trea_29-99-003-3193_T.count","Cont_B1_trea_35-01-008-0483_T.count","Cont_trea_01-07-111-0075_T.count","Cont_trea_03-07-111-0082_T.count","Cont_trea_05-07-111-0085_T.count","Cont_trea_07-07-111-0097_T.count","Cont_trea_09-07-111-0134_T.count","Cont_trea_11-08-111-0021_T.count","Cont_trea_13-08-111-0059_T.count","Cont_trea_17-08-111-0065_T.count","Cont_trea_19-08-111-0066_T.count","Muta_trea_27-06-009-0915_T.count"
"1","BRCA1",74694.1296557782,-0.0629111403799401,0.160047642004705,-0.39307758359908,0.69426217999205,0.76897122669528,86306.7728416875,68533.6164346713,79865.6309395225,82314.5315512004,74069.8400751177,86883.7908447905,78753.5023381685,66723.8497683012,70925.9399919638,60939.351966749,67827.9665645191,70698.335603021,80152.5698794732,71722.11638171
"2","BRCA2",83344.1032887428,0.0471775689141235,0.160620433212806,0.293720842177147,0.76897122669528,0.76897122669528,71395.8687622021,89911.3070002382,77153.9265965406,74858.5566967787,83191.0399812555,70921.7101047309,78243.4665652689,92349.9925212903,86878.6092618933,101116.057657727,90846.7014300505,87158.3040044158,76877.7225279256,85914.1829320822
