"","gene","baseMean","log2FoldChange","lfcSE","stat","pvalue","padj","Cont_B1_trea_25-06-009-0425_T.count","Cont_B1_trea_29-99-003-3193_T.count","Cont_B1_trea_35-01-008-0483_T.count","Cont_trea_01-07-111-0075_T.count","Cont_trea_03-07-111-0082_T.count","Cont_trea_05-07-111-0085_T.count","Cont_trea_07-07-111-0097_T.count","Cont_trea_09-07-111-0134_T.count","Cont_trea_11-08-111-0021_T.count","Cont_trea_13-08-111-0059_T.count","Cont_trea_17-08-111-0065_T.count","Cont_trea_19-08-111-0066_T.count","Muta_trea_27-06-009-0915_T.count"
"1","BRCA1",74344.9113462736,-0.0445008160449656,0.152896603567581,-0.291051697726536,0.771011781024671,0.843410808491242,69038.8481807348,80454.4026149308,82921.3565907289,74615.8850174193,87524.3005922217,79334.0753702782,67215.7398636481,71448.8080145128,61388.5985817658,68327.9962399119,71219.5257196193,80743.4568768095,72250.8538389757
"2","BRCA2",84884.3889175272,0.030267644849919,0.153228640873912,0.197532554470841,0.843410808491242,0.843410808491242,90574.1356818368,77722.7075113371,75410.4160801772,83804.3266655592,71444.5469444324,78820.2795993295,93030.799261074,87519.0808105498,101861.488076012,91516.4258656691,87800.8374705733,77444.4672585673,86547.5447027362
