"","gene","baseMean","log2FoldChange","lfcSE","stat","pvalue","padj","Cont_B1_trea_21-03-006-0289_T.count","Cont_B1_trea_25-06-009-0425_T.count","Cont_B1_trea_29-99-003-3193_T.count","Cont_B1_trea_35-01-008-0483_T.count","Cont_trea_01-07-111-0075_T.count","Cont_trea_03-07-111-0082_T.count","Cont_trea_05-07-111-0085_T.count","Cont_trea_07-07-111-0097_T.count","Cont_trea_09-07-111-0134_T.count","Cont_trea_11-08-111-0021_T.count","Cont_trea_13-08-111-0059_T.count","Cont_trea_15-08-111-0064_T.count","Cont_trea_17-08-111-0065_T.count","Cont_trea_19-08-111-0066_T.count","Muta_trea_27-06-009-0915_T.count"
"1","BRCA1",81014.4162289079,-0.059044708369206,0.154276433281235,-0.382720206277855,0.701927230672421,0.774329822805918,93825.2985649792,74503.8519226723,86823.043212684,89485.2772817078,80522.3579898633,94452.5828977836,85614.0326723861,72536.4292950578,77104.5802854246,66248.0209186418,73736.7300900577,78401.7966226221,76857.1483742995,87134.9785431845,77970.1147622536
"2","BRCA2",90756.5201306676,0.0443333292668304,0.154624565076498,0.286715951277841,0.774329822805918,0.774329822805918,77615.4464170174,97743.8380083904,83875.1115356774,81379.7828485851,90438.1418418912,77099.9819159172,85059.5656578577,100394.967109678,94446.9499266232,109924.678991906,98760.7183616177,92884.2545328809,94751.0099888893,83574.8462337851,93398.508589297
