"","gene","baseMean","log2FoldChange","lfcSE","stat","pvalue","padj","Cont_R9_01.count","Cont_R9_03.count","Cont_R9_07.count","Cont_R9_09.count","Cont_R9_15.count","Muta_R9_17.count"
"1","BRCA1",193435.641559831,-0.411975147287399,0.280804572705022,-1.46712406895228,0.142342307703097,0.17883876213226,220482.039041099,179873.512000131,254995.110785589,161749.344616595,191849.030535638,151664.812379931
"2","BRCA2",294883.769896924,0.37556996002237,0.279371450428268,1.34433908492308,0.17883876213226,0.17883876213226,250733.168109167,307339.082587676,216796.941673236,341776.718112724,288154.493174124,364502.215724619
