"","gene","baseMean","log2FoldChange","lfcSE","stat","pvalue","padj","Cont_B2_untr_smp1_S1.count","Cont_B2_untr_smp3_S3.count","Cont_B2_untr_smp7_S7.count","Cont_B2_untr_smp8_S8.count","Cont_B2_untr_smp9_S9.count","Cont_untr_smp10_S10.count","Cont_untr_smp11_S11.count","Cont_untr_smp12_S12.count","Cont_untr_smp13_S2.count","Cont_untr_smp14_S3.count","Cont_untr_smp15_S4.count","Cont_untr_smp16_S5.count","Cont_untr_smp17_S6.count","Cont_untr_smp18_S7.count","Cont_untr_smp19_S8.count","Cont_untr_smp20_S9.count","Muta_untr_smp6_S6.count"
"1","BRCA1",2548.69784573155,0.138054956595416,0.145389741920946,0.949550874576019,0.34234051006394,0.34234051006394,2415.00131396178,2628.32082953971,2607.52300767554,2553.29292005958,2171.07396043147,2555.11460377397,2845.9901843533,3098.3516953796,2543.97076036585,2895.09024636909,2460.19539430155,2458.67263960965,2328.21327984825,2487.80006673736,2326.96491115456,2164.58658623955,2787.70097763559
"2","BRCA2",3505.01669680321,-0.150774135441586,0.144214197743,-1.04548746102153,0.295797732844725,0.34234051006394,3666.4363112005,3368.8613694307,3395.73168982299,3467.8545651941,4078.37257987594,3465.38213825249,3111.20135191836,2857.79323319252,3480.56221677368,3058.43609545896,3599.0834425654,3601.31249945993,3803.10884133584,3559.14795063038,3805.14913081054,4090.59566634794,3176.25476338439
