"","gene","baseMean","log2FoldChange","lfcSE","stat","pvalue","padj","Cont_untr_071110075u_BRCA2c8632neg_ACAGTGGT-TGAACCTT_L001_R.Aligned.sortedByCoord.out.count","Cont_untr_071110082u_BRCA2c8632neg_ACAGTGGT-TGCTAAGT_L001_R.Aligned.sortedByCoord.out.count","Cont_untr_071110085u_BRCA2c8632neg_ACAGTGGT-TGTTCTCT_L001_R.Aligned.sortedByCoord.out.count","Cont_untr_071110097u_BRCA2c8632neg_ACAGTGGT-TAAGACAC_L001_R.Aligned.sortedByCoord.out.count","Cont_untr_071110134u_BRCA2c8632neg_ACAGTGGT-CTAATCGA_L001_R.Aligned.sortedByCoord.out.count","Cont_untr_081110021u_BRCA2c8632neg_ACAGTGGT-CTAGAACA_L001_R.Aligned.sortedByCoord.out.count","Cont_untr_081110059u_BRCA2c8632neg_ACAGTGGT-TAAGTTCC_L001_R.Aligned.sortedByCoord.out.count","Cont_untr_081110064u_BRCA2c8632neg_ACAGTGGT-TAGACCTA_L001_R.Aligned.sortedByCoord.out.count","Cont_untr_081110065u_BRCA2c8632neg_ATCACGAC-CTAATCGA_L001_R.Aligned.sortedByCoord.out.count","Cont_untr_081110066u_BRCA2c8632neg_ATCACGAC-CTAGAACA_L001_R.Aligned.sortedByCoord.out.count","Muta_untr_990033193u_BRCA2c8632_ATCACGAC-TGAACCTT_L001_R.Aligned.sortedByCoord.out.count"
"1","BRCA1",23.7332850213637,-3.59276486597766,4.07433646565118,-0.881803674356935,0.377882984315706,0.755765968631412,251.76646762452,0.604360394377722,0,0,0.470371728397047,1.75685071418544,2.16728666534737,0.956529242201752,2.37655662654414,0.967712239428005,0
"2","BRCA2",3021.19761149423,3.2486976796241e-06,1.75353017999293,1.8526614008076e-06,0.999998521790072,0.999998521790072,3021.19761149423,3021.19761149423,3021.19761149424,3021.19761149423,3021.19761149423,3021.19761149423,3021.19761149423,3021.19761149423,3021.19761149423,3021.19761149423,3021.19761149423
