"","gene","baseMean","log2FoldChange","lfcSE","stat","pvalue","padj","Cont_B1_trea_R9_08.count","Cont_B1_trea_R9_10.count","Cont_B1_trea_R9_16.count","Cont_trea_R9_02.count","Muta_trea_R9_14.count"
"1","BRCA1",287662.060884567,0.0200203429074386,0.321201926996331,0.0623294607683572,0.950300467780978,0.950300467780978,331150.115435374,207009.163501215,331149.446497964,278132.915102951,290868.663885331
"2","BRCA2",1071659.28161938,-0.0730008121782586,0.325927950895819,-0.223978373065625,0.822774131543623,0.950300467780978,903774.924902903,1445758.07972595,903776.750570628,1076050.8895483,1028935.76334912
