"","gene","baseMean","log2FoldChange","lfcSE","stat","pvalue","padj","Cont_B1_trea_R9_04.count","Cont_B1_trea_R9_08.count","Cont_B1_trea_R9_10.count","Cont_B1_trea_R9_16.count","Cont_trea_R9_02.count","Muta_trea_R9_14.count"
"1","BRCA1",296286.687471015,-0.0404958094442058,0.311602087877126,-0.129960006751221,0.896598068265421,0.96930013962849,346570.039106311,329501.578785968,205978.627267381,329500.913178673,276748.309503915,289420.656983844
"2","BRCA2",1031101.39302661,-0.0122710955246765,0.318845136993904,-0.0384860676890648,0.96930013962849,0.96930013962849,854986.704488012,899275.738530711,1438560.78439217,899277.555109869,1070694.07629243,1023813.49934648
