"","gene","baseMean","log2FoldChange","lfcSE","stat","pvalue","padj","Cont_B2_unt_12.count","Cont_B2_unt_14.count","Cont_B2_unt_16.count","Cont_B2_unt_17.count","Cont_B2_unt_20.count","Cont_unt_1.count","Cont_unt_10.count","Cont_unt_2.count","Cont_unt_3.count","Cont_unt_4.count","Cont_unt_5.count","Cont_unt_6.count","Cont_unt_7.count","Cont_unt_8.count","Cont_unt_9.count","Muta_unt_11.count"
"1","BRCA1",1822.44580457156,-0.121424782722724,0.0953459130540946,-1.27351848478113,0.202834117461751,0.226584005875215,1691.21837541048,1719.72943243875,1669.45868239149,1758.93715303496,1800.79689673346,1874.02825861466,2058.02784819347,1908.53222225096,1999.72034782616,1733.91970624467,1878.38500092488,1987.64263945867,1736.92242985043,1803.12904604274,1856.80456595325,1681.88026777594
"2","BRCA2",1172.95679631399,0.115101627866866,0.0951878343339356,1.20920523796212,0.226584005875215,0.226584005875215,1258.89367812012,1238.02272669463,1275.30207460718,1210.42648820695,1182.28997672465,1136.08965677962,1034.51667235394,1115.55052427345,1064.68093073078,1227.89083799963,1133.45460066841,1071.15035613479,1225.76810831338,1180.76081453927,1146.6280082265,1265.88328665051
