"","gene","baseMean","log2FoldChange","lfcSE","stat","pvalue","padj","Cont_B1_untr_00006-00006_0074.count","Cont_B1_untr_00008-00008_0074.count","Cont_B1_untr_00014-00014_0075.count","Cont_B1_untr_00019-00019_0075.count","Cont_untr_00001_0074.count","Cont_untr_00002_0074.count","Cont_untr_00003_0074.count","Cont_untr_00004_0074.count","Cont_untr_00005_0074.count","Cont_untr_00009-00009_0074.count","Cont_untr_00010-00010_0074.count","Cont_untr_00011-00011_0075.count","Cont_untr_00012-00012_0075.count","Cont_untr_00013-00013_0075.count","Muta_untr_00017-00017_0075.count"
"1","BRCA1",1668.79197197046,-0.0686292816698538,0.146028306162398,-0.469972455843809,0.638374696632796,0.706463397593742,1430.52122752245,1881.21698878431,1979.47105394055,1701.05566432099,1713.83749178571,1673.26880458669,1488.62505754005,1714.1677518662,1402.99124115788,1655.7848417862,1857.27628849078,1757.54510428353,1614.63152224814,1565.51006407021,1595.97647717324
"2","BRCA2",2352.19447126197,0.0551694337049444,0.146489531240338,0.376610077442535,0.706463397593742,0.706463397593742,2719.72263970647,2068.14046028135,1965.48515388916,2287.18027909246,2270.12245193663,2325.16195748626,2613.56676039212,2269.68507885987,2773.0899915402,2349.71408777751,2094.79924617731,2213.66777990003,2409.60300567919,2485.20981012294,2437.768366088
