"","gene","baseMean","log2FoldChange","lfcSE","stat","pvalue","padj","Cont_B1_untr_00006-00006_0074.count","Cont_B1_untr_00014-00014_0075.count","Cont_B1_untr_00019-00019_0075.count","Cont_untr_00001_0074.count","Cont_untr_00003_0074.count","Cont_untr_00004_0074.count","Cont_untr_00005_0074.count","Cont_untr_00009-00009_0074.count","Cont_untr_00010-00010_0074.count","Cont_untr_00011-00011_0075.count","Cont_untr_00012-00012_0075.count","Cont_untr_00013-00013_0075.count","Muta_untr_00017-00017_0075.count"
"1","BRCA1",1604.97011641053,-0.0537648164673585,0.149213326095405,-0.360321814909359,0.718606487493116,0.78891158095755,1389.70631031756,1922.99377445552,1652.52199368095,1664.93913642819,1446.15235087645,1665.25997369301,1362.96179577439,1608.54281564468,1804.28540902468,1707.39970515553,1568.56366206609,1520.8437127997,1550.4408734202
"2","BRCA2",2308.32981487909,0.0399441773921992,0.149198950608635,0.267724251606683,0.78891158095755,0.78891158095755,2642.12487168724,1909.40691311928,2221.92359367753,2205.35245192675,2538.99777890305,2204.92755776019,2693.96957289221,2282.67321896503,2035.03148031083,2150.50851639701,2340.85341617203,2414.30304503241,2368.21517658455
