"","gene","baseMean","log2FoldChange","lfcSE","stat","pvalue","padj","Cont_B1_untr_010080483.count","Cont_B1_untr_030060289.count","Cont_B1_untr_060090425.count","Cont_B1_untr_990033193.count","Cont_untr_07III0075.count","Cont_untr_07III0082.count","Cont_untr_07III0085.count","Cont_untr_07III0097.count","Cont_untr_07III0134.count","Cont_untr_08III0021.count","Cont_untr_08III0059.count","Cont_untr_08III0065.count","Cont_untr_08III0066.count","Muta_untr_050020176.count"
"1","BRCA1",18821.1424200019,-0.0766681358202141,0.12121123696734,-0.632516734738648,0.527049276811519,0.577865938432648,20201.1815982843,17927.6020745396,15845.5731056902,18072.3395832039,17724.6054546388,19469.5431611902,19327.0352719597,19644.7459246256,18915.8323640618,20792.4269951556,18568.3488439188,17476.2555679554,21619.0077016459,17911.4962331572
"2","BRCA2",25673.442805099,0.067759533296216,0.121759157270227,0.556504617930572,0.577865938432648,0.577865938432648,23778.0337607264,26793.5653666,30314.105703004,26578.981422914,27100.4271028699,24671.5793007445,24853.4951838925,24451.5444431601,25393.7743159099,23101.890806806,25868.9871721085,27485.543237954,22218.6135774401,26817.657877256
