"","gene","baseMean","log2FoldChange","lfcSE","stat","pvalue","padj","Cont_B1_untr_010080483.count","Cont_B1_untr_030060289.count","Cont_B1_untr_060090425.count","Cont_B1_untr_990033193.count","Cont_untr_07III0075.count","Cont_untr_07III0082.count","Cont_untr_07III0085.count","Cont_untr_07III0097.count","Cont_untr_07III0134.count","Cont_untr_08III0021.count","Cont_untr_08III0059.count","Cont_untr_08III0064.count","Cont_untr_08III0065.count","Cont_untr_08III0066.count","Muta_untr_050020176.count"
"1","BRCA1",19262.3241573329,-0.0752713668808454,0.116420866652956,-0.646545323401733,0.517926254642382,0.566695635850936,20688.2794478229,18359.8785914059,16227.6470228488,18508.1060607379,18151.9872470785,19938.9994927009,19793.0554041547,20118.4268055216,19371.9374300916,21293.7811573739,19016.0752676109,19085.3623072449,17897.6490623765,22140.292662597,18343.3844004281
"2","BRCA2",26299.4284193843,0.0669942625774489,0.11693378729003,0.572924764775502,0.566695635850936,0.566695635850936,24351.3779017488,27439.6210444842,31045.0498622244,27219.8629788288,27753.8819366459,25266.4689196335,25452.7712212219,25041.1285057662,26006.0777497842,23658.9315560078,26492.7491020713,26396.5704638301,28148.2841246427,22754.3564418188,27464.2944820564
