"","gene","baseMean","log2FoldChange","lfcSE","stat","pvalue","padj","Cont_B1_untr_010080483.count","Cont_B1_untr_060090425.count","Cont_B1_untr_990033193.count","Cont_untr_07III0075.count","Cont_untr_07III0082.count","Cont_untr_07III0085.count","Cont_untr_07III0097.count","Cont_untr_07III0134.count","Cont_untr_08III0021.count","Cont_untr_08III0059.count","Cont_untr_08III0065.count","Cont_untr_08III0066.count","Muta_untr_050020176.count"
"1","BRCA1",19540.4329476636,-0.0827589919242537,0.124713466119316,-0.663593070575686,0.506950793536225,0.558381955996575,20896.8988662342,16391.2856807966,18694.7407362809,18335.0308410152,20140.0632151996,19992.64743487,20321.2998627086,19567.2829314108,21508.5064201505,19207.8322753795,18078.1279247072,22363.5540986375,18528.3580322356
"2","BRCA2",26468.4909653826,0.0734271870049961,0.125463684224716,0.585246539337087,0.558381955996575,0.558381955996575,24596.9357939935,31358.1063569969,27494.3465093806,28033.7504836115,25521.254536998,25709.4355002655,25293.6418033757,26268.3215399941,23897.5068591835,26759.9004581679,28432.1298005564,22983.810061642,27741.2428458087
