"","gene","baseMean","log2FoldChange","lfcSE","stat","pvalue","padj","Cont_untr_071110075u_BRCA2c426neg_R.Aligned.sortedByCoord.out.count","Cont_untr_071110082u_BRCA2c426neg_R.Aligned.sortedByCoord.out.count","Cont_untr_071110085u_BRCA2c426neg_R.Aligned.sortedByCoord.out.count","Cont_untr_071110097u_BRCA2c426neg_R.Aligned.sortedByCoord.out.count","Cont_untr_071110134u_BRCA2c426neg_R.Aligned.sortedByCoord.out.count","Cont_untr_081110021u_BRCA2c426neg_R.Aligned.sortedByCoord.out.count","Cont_untr_081110059u_BRCA2c426neg_R.Aligned.sortedByCoord.out.count","Cont_untr_081110064u_BRCA2c426neg_R.Aligned.sortedByCoord.out.count","Cont_untr_081110065u_BRCA2c426neg_R.Aligned.sortedByCoord.out.count","Cont_untr_081110066u_BRCA2c426neg_R.Aligned.sortedByCoord.out.count","Muta_untr_030060289u_BRCA2c426_R.Aligned.sortedByCoord.out.count"
"1","BRCA1",10.5957377607117,-0.143145755182671,1.47839491702109,-0.0968251131917473,0.922865280190209,0.922865280190209,73.5606288254867,2.65208939079042,4.79092731874459,6.07199936869364,2.09045712558366,2.46957618872779,3.78480227942984,3.44731294976942,4.17964864973038,8.16500730621136,5.34066596466112
"2","BRCA2",2706.20516616927,-0.454471243034217,1.18038816493351,-0.385018468106903,0.700223732753596,0.922865280190209,147.121257650973,4080.68154262953,2258.92223078807,1782.33421469054,5177.01707150794,4382.26294689746,2859.41812210924,3139.35299292335,2589.29233850797,1325.45285270831,2026.40125744856
