"","gene","baseMean","log2FoldChange","lfcSE","stat","pvalue","padj","Cont_B1_untr_010080483.count","Cont_B1_untr_030060289.count","Cont_B1_untr_060090425.count","Cont_B1_untr_990033193.count","Cont_untr_07III0075.count","Cont_untr_07III0082.count","Cont_untr_07III0085.count","Cont_untr_07III0097.count","Cont_untr_07III0134.count","Cont_untr_08III0021.count","Cont_untr_08III0059.count","Cont_untr_08III0065.count","Cont_untr_08III0066.count","Muta_untr_08III0064.count"
"1","BRCA1",19464.9884042534,-0.0194597798146235,0.120376171287332,-0.161658072411805,0.871575123523687,0.930495740203612,20834.9491133051,18490.0410468236,16342.6930113954,18639.3193755756,18280.6758557219,20080.3571340176,19933.3783740913,20261.0564977121,19509.2748819459,21444.7435303967,19150.8898328008,18024.5345391276,22297.256383369,19220.6680832651
"2","BRCA2",26402.0837558323,0.0105516828809106,0.120976216378792,0.087221134837545,0.930495740203612,0.930495740203612,24524.0171229024,27634.1543815703,31265.1439057941,27412.8383399576,27950.6432279725,25445.5956833504,25633.2187760815,25218.6577174389,26190.4479741755,23826.6616751672,26680.5695855631,28347.8415323465,22915.6735709692,26583.7090883625
