"","gene","baseMean","log2FoldChange","lfcSE","stat","pvalue","padj","Cont_B1_untr_00006-00006_0074.count","Cont_B1_untr_00014-00014_0075.count","Cont_B1_untr_00019-00019_0075.count","Cont_untr_00001_0074.count","Cont_untr_00003_0074.count","Cont_untr_00004_0074.count","Cont_untr_00005_0074.count","Cont_untr_00009-00009_0074.count","Cont_untr_00010-00010_0074.count","Cont_untr_00011-00011_0075.count","Cont_untr_00012-00012_0075.count","Cont_untr_00013-00013_0075.count","Muta_untr_00008-00008_0074.count"
"1","BRCA1",1530.47307977519,0.183456820871584,0.15356631916801,1.19464230089979,0.232226814621408,0.232226814621408,1307.83179023929,1809.70063386306,1555.16369276016,1566.84927978543,1360.9523134232,1567.15121492907,1282.66292824709,1513.77554713731,1697.98596945866,1606.80828493708,1476.15176460948,1431.24323522032,1719.87338246733
"2","BRCA2",2146.34025778718,-0.197279036314396,0.153894442551179,-1.2819113740822,0.199873737519281,0.232226814621408,2486.46413657349,1796.91424219657,2091.01900863513,2075.42415537633,2389.41277444266,2075.02429384127,2535.25440822147,2148.18957093757,1915.13764047028,2023.81134923513,2202.94208296461,2272.06442837796,1890.7652599609
