"","gene","baseMean","log2FoldChange","lfcSE","stat","pvalue","padj","Cont_B1_trea_puro-RNA11-0048-1_S2.count","Cont_B1_trea_puro-RNA11-0054-1_S5.count","Cont_B1_trea_puro-RNA11-0056-1_S6.count","Cont_trea_puro-RNA11-0068-1_S10.count","Cont_trea_puro-RNA11-0070-1_S11.count","Cont_trea_puro-RNA11-0072-1_S12.count","Cont_trea_puro-RNA11-0074-1_S13.count","Cont_trea_puro-RNA11-0076-1_S14.count","Cont_trea_puro-RNA11-0078-1_S15.count","Muta_trea_puro-RNA11-0050-1_S3.count"
"1","BRCA1",63249.9276709695,-0.0133748463429928,0.180934164112196,-0.0739210663095066,0.941073193215222,0.974766708672975,55172.0284830951,59360.1630021774,70660.8971996637,78815.1173999653,59522.3916809277,67493.8174652784,62869.0189916954,62315.3535681076,53566.1553190983,62724.3335996863
"2","BRCA2",148030.67752626,-0.00566711566776768,0.179166093077135,-0.0316305142922766,0.974766708672975,0.974766708672975,167699.709991659,155867.718488698,130939.933441868,117392.874381111,155442.899973915,137084.15857536,147168.403844329,148475.979778471,172727.221529148,147507.875258046
