"","gene","baseMean","log2FoldChange","lfcSE","stat","pvalue","padj","Cont_B2_unt_1.count","Cont_B2_unt_3.count","Cont_B2_unt_7.count","Cont_B2_unt_8.count","Cont_B2_unt_9.count","Cont_unt_10.count","Cont_unt_11.count","Cont_unt_12.count","Cont_unt_13.count","Cont_unt_14.count","Cont_unt_15.count","Cont_unt_16.count","Cont_unt_17.count","Cont_unt_18.count","Cont_unt_19.count","Cont_unt_20.count","Muta_unt_2.count"
"1","BRCA1",266.71858514622,-0.239996538302033,0.336710104646813,-0.712769040756214,0.475988686098327,0.569706298803157,237.266773899158,306.726455671207,259.102604926674,501.856515807981,230.716940798441,243.39836096216,224.701063240966,264.802067382359,249.88479608993,352.275756660856,265.720559383696,231.080326752594,239.136869471072,194.351637683041,248.19144529308,257.081467564139,227.92230589839
"2","BRCA2",1327.72536262201,0.175044652146829,0.307914771943672,0.568484100460274,0.569706298803157,0.569706298803157,1429.2164250257,1105.56348857314,1308.76943697846,675.702236970223,1469.79051124721,1393.21221814741,1509.14092474,1280.60016193108,1357.04763025076,962.613986224432,1276.17362825084,1467.47918844947,1418.03968212671,1744.80428573782,1366.30644125988,1319.05879324005,1487.81212542098
