"","gene","baseMean","log2FoldChange","lfcSE","stat","pvalue","padj","Cont_B2_untr_smp1_S1.count","Cont_B2_untr_smp3_S3.count","Cont_B2_untr_smp7_S7.count","Cont_B2_untr_smp8_S8.count","Cont_B2_untr_smp9_S9.count","Cont_untr_smp10_S10.count","Cont_untr_smp11_S11.count","Cont_untr_smp12_S12.count","Cont_untr_smp13_S2.count","Cont_untr_smp14_S3.count","Cont_untr_smp15_S4.count","Cont_untr_smp16_S5.count","Cont_untr_smp17_S6.count","Cont_untr_smp18_S7.count","Cont_untr_smp19_S8.count","Cont_untr_smp20_S9.count","Muta_untr_smp4_S4.count"
"1","BRCA1",2557.99525974198,0.288877903530142,0.145394881152344,1.98685057713591,0.0469389578850376,0.0469389578850376,2406.7461650645,2619.3364949672,2598.60976586611,2544.56505183375,2163.652623347,2546.38050852449,2836.26179514034,3087.76066404822,2535.27475788514,2885.19401943262,2451.78575941691,2450.26820992578,2320.25479668774,2479.29607137353,2319.01069526686,2157.1874248117,3084.3346120218
"2","BRCA2",3474.5526662894,-0.301597108660886,0.144812102169322,-2.08267889315109,0.0372805026173504,0.0469389578850376,3653.9034080106,3357.34566049168,3384.12413062514,3456.00046986741,4064.43156348361,3453.53649437153,3100.56639687257,2848.02449786254,3468.66468314519,3047.98150679482,3586.78077028927,3589.00220764485,3790.10875327117,3546.98178901795,3792.14206846669,4076.61286803266,2851.18805867212
