"","gene","baseMean","log2FoldChange","lfcSE","stat","pvalue","padj","Cont_B1_unt_R9_07.count","Cont_B1_unt_R9_09.count","Cont_B1_unt_R9_15.count","Cont_unt_R9_01.count","Muta_unt_R9_11.count"
"1","BRCA1",192946.227702529,-0.33858709436592,0.308401851015795,-1.09787633650934,0.272258492219402,0.334928554229116,247738.871643674,157146.542931613,186389.700588399,214207.917169309,159248.106179652
"2","BRCA2",278780.104182411,0.297799285324848,0.308845408535736,0.964234134924463,0.334928554229116,0.334928554229116,210627.6843523,332050.988109021,279954.657868078,243598.208450509,327668.982132147
