"","gene","baseMean","log2FoldChange","lfcSE","stat","pvalue","padj","Cont_B2_unt_12.count","Cont_B2_unt_14.count","Cont_B2_unt_16.count","Cont_B2_unt_17.count","Cont_B2_unt_20.count","Cont_unt_1.count","Cont_unt_10.count","Cont_unt_2.count","Cont_unt_3.count","Cont_unt_4.count","Cont_unt_5.count","Cont_unt_6.count","Cont_unt_7.count","Cont_unt_8.count","Cont_unt_9.count","Muta_unt_15.count"
"1","BRCA1",1869.62950689003,-0.0685005176388501,0.0925145119075036,-0.740429973919522,0.459039136880768,0.499189319719316,1731.27417143766,1760.46050086212,1708.99910923994,1800.59683983294,1843.448013958,1918.41382984996,2106.77137233208,1953.73500535532,2047.08288333815,1774.98686533581,1922.8737597697,2034.71911952692,1778.06070718746,1845.83539924295,1900.7822012708,1786.03233170062
"2","BRCA2",1197.82116875188,0.0621720852734904,0.0920024077068301,0.675765850298229,0.499189319719316,0.499189319719316,1288.71004549399,1267.34477436069,1305.50706795175,1239.09493056925,1210.29201764451,1162.99746254983,1059.01876470169,1141.9718693274,1089.89745085346,1256.97291614262,1160.29999624272,1096.52010187762,1254.7999104964,1208.72663789581,1173.78541041911,1249.19934350325
