"","gene","baseMean","log2FoldChange","lfcSE","stat","pvalue","padj","Cont_B1_trea_puro-RNA11-0048-1_S2.count","Cont_B1_trea_puro-RNA11-0054-1_S5.count","Cont_B1_trea_puro-RNA11-0056-1_S6.count","Cont_trea_puro-RNA11-0068-1_S10.count","Cont_trea_puro-RNA11-0070-1_S11.count","Cont_trea_puro-RNA11-0072-1_S12.count","Cont_trea_puro-RNA11-0074-1_S13.count","Cont_trea_puro-RNA11-0076-1_S14.count","Cont_trea_puro-RNA11-0078-1_S15.count","Muta_trea_puro-RNA11-0060-1_S8.count","Muta_trea_puro-RNAIVS10-2pAG-1_S11.count"
"1","BRCA1",63210.2862330529,0.182937486881559,0.156823066952218,1.16652154837208,0.243403641521299,0.298447951339429,53764.6176833936,57845.9149895834,68858.3731205305,76804.5832496315,58004.0052960322,65772.0840031343,61265.2618211093,60725.7201250334,52199.7095391015,58446.6756639549,81626.2030720772
"2","BRCA2",141524.637374104,-0.161943004154397,0.155749252302617,-1.03976745801479,0.298447951339429,0.298447951339429,163421.774424701,151891.611095927,127599.721354238,114398.240981641,151477.629488577,133587.210383468,143414.211608877,144688.431936171,168321.036662172,150330.350242734,107640.792936643
