"","gene","baseMean","log2FoldChange","lfcSE","stat","pvalue","padj","Cont_B1_trea_puro-RNA11-0048-1_S2.count","Cont_B1_trea_puro-RNA11-0052-1_S4.count","Cont_B1_trea_puro-RNA11-0054-1_S5.count","Cont_B1_trea_puro-RNA11-0056-1_S6.count","Cont_trea_puro-RNA11-0068-1_S10.count","Cont_trea_puro-RNA11-0070-1_S11.count","Cont_trea_puro-RNA11-0072-1_S12.count","Cont_trea_puro-RNA11-0074-1_S13.count","Cont_trea_puro-RNA11-0076-1_S14.count","Cont_trea_puro-RNA11-0078-1_S15.count","Muta_trea_puro-RNA11-0060-1_S8.count","Muta_trea_puro-RNAIVS10-2pAG-1_S11.count"
"1","BRCA1",54626.3875570066,0.169972970229877,0.15039415920892,1.13018332044238,0.25839898654365,0.322371768791,46215.2368401455,57836.183054557,49723.4571111671,59189.5964169638,66020.0361916968,49859.349102396,56536.6698518097,52662.6749549197,52198.8932273881,44870.0659147718,50239.8617290484,70164.6262892154
"2","BRCA2",120868.815850492,-0.148179244739921,0.149737153840918,-0.989595707805077,0.322371768791,0.322371768791,140474.838942399,112249.419116754,130563.688226462,109682.754146025,98334.9650544535,130207.8360163,114829.507447483,123276.646265341,124371.946422763,144686.169263393,129221.652456312,92526.3668482208
