"","gene","baseMean","log2FoldChange","lfcSE","stat","pvalue","padj","Cont_B1_trea_puro-RNA11-0048-1_S2.count","Cont_B1_trea_puro-RNA11-0054-1_S5.count","Cont_B1_trea_puro-RNA11-0056-1_S6.count","Cont_trea_puro-RNA11-0068-1_S10.count","Cont_trea_puro-RNA11-0070-1_S11.count","Cont_trea_puro-RNA11-0072-1_S12.count","Cont_trea_puro-RNA11-0074-1_S13.count","Cont_trea_puro-RNA11-0076-1_S14.count","Cont_trea_puro-RNA11-0078-1_S15.count","Muta_trea_puro-RNA17-50741-1_S1.count"
"1","BRCA1",65463.8971190103,-0.0954040322708576,0.182074973462058,-0.523982129211944,0.600290969612779,0.671929006634456,57417.9671462395,61776.5919210088,73537.3555311137,82023.5170958925,61945.4245922512,70241.3505601496,65428.2861484336,64852.0821556565,55746.7222218364,61669.6738175213
"2","BRCA2",154954.837585594,0.0763620950987788,0.180311042059679,0.42350204527965,0.671929006634456,0.671929006634456,174526.41679987,162212.769503038,136270.226112849,122171.694420888,161770.657509052,142664.569887287,153159.323831773,154520.128465788,179758.587887713,162494.001437685
