"","gene","baseMean","log2FoldChange","lfcSE","stat","pvalue","padj","Cont_trea_071110075t_BRCA2c426neg_R.Aligned.sortedByCoord.out.count","Cont_trea_071110082t_BRCA2c426neg_R.Aligned.sortedByCoord.out.count","Cont_trea_071110085t_BRCA2c426neg_R.Aligned.sortedByCoord.out.count","Cont_trea_071110097t_BRCA2c426neg_R.Aligned.sortedByCoord.out.count","Cont_trea_071110134t_BRCA2c426neg_R.Aligned.sortedByCoord.out.count","Cont_trea_081110021t_BRCA2c426neg_R.Aligned.sortedByCoord.out.count","Cont_trea_081110059t_BRCA2c426neg_R.Aligned.sortedByCoord.out.count","Cont_trea_081110064t_BRCA2c426neg_R.Aligned.sortedByCoord.out.count","Cont_trea_081110065t_BRCA2c426neg_R.Aligned.sortedByCoord.out.count","Cont_trea_081110066t_BRCA2c426neg_R.Aligned.sortedByCoord.out.count","Muta_trea_030060289t_BRCA2c426_R.Aligned.sortedByCoord.out.count"
"1","BRCA2",3561.80486971974,-0.682226295226781,0.678922329288243,-1.0048664858939,0.314961144121534,0.629922288243068,2844.4580253302,3069.63170414505,3507.17760057195,6724.54015200198,3660.03822631488,4124.97979143315,6073.8603524097,3602.93149771965,1532.18220145899,1742.08546350059,2297.96855203105
"2","BRCA1",4.1173310107939,0.298870432515257,0.881713996496061,0.338965280922126,0.734635885241304,0.734635885241304,4.26775397648942,3.95469170850947,3.4613151745097,1.80524567838979,3.31675416974615,2.94291067165266,1.99863782573534,3.36932496669543,7.92297876649438,6.96834185400234,5.28268632650817
