"","gene","baseMean","log2FoldChange","lfcSE","stat","pvalue","padj","Cont_B1_trea_puro-RNA11-0048-1_S2.count","Cont_B1_trea_puro-RNA11-0054-1_S5.count","Cont_B1_trea_puro-RNA11-0056-1_S6.count","Cont_trea_puro-RNA11-0068-1_S10.count","Cont_trea_puro-RNA11-0070-1_S11.count","Cont_trea_puro-RNA11-0072-1_S12.count","Cont_trea_puro-RNA11-0074-1_S13.count","Cont_trea_puro-RNA11-0076-1_S14.count","Cont_trea_puro-RNA11-0078-1_S15.count","Muta_trea_puro-RNA11-0062-1_S9.count"
"1","BRCA1",65257.2464915346,-0.119989608360398,0.182820963389216,-0.656323028475383,0.511616303630176,0.577177169154786,57327.9683039139,61679.761224416,73422.090620243,81894.9506915246,61848.3292616821,70131.2519177211,65325.7316641602,64750.4308327953,55659.3429447081,60532.607454182
"2","BRCA2",154990.804740721,0.100947685886925,0.181067950263993,0.557512722377127,0.577177169154786,0.577177169154786,174252.858256301,161958.511782131,136056.631602226,121980.198420432,161517.092769273,142440.952668341,152919.256784447,154277.92844776,179476.828264165,165027.788412136
