"","gene","baseMean","log2FoldChange","lfcSE","stat","pvalue","padj","Cont_B1_trea_puro-RNA11-0048-1_S2.count","Cont_B1_trea_puro-RNA11-0052-1_S4.count","Cont_B1_trea_puro-RNA11-0054-1_S5.count","Cont_B1_trea_puro-RNA11-0056-1_S6.count","Cont_trea_puro-RNA11-0068-1_S10.count","Cont_trea_puro-RNA11-0070-1_S11.count","Cont_trea_puro-RNA11-0072-1_S12.count","Cont_trea_puro-RNA11-0074-1_S13.count","Cont_trea_puro-RNA11-0076-1_S14.count","Cont_trea_puro-RNA11-0078-1_S15.count","Muta_trea_puro-RNA11-0062-1_S9.count"
"1","BRCA1",55502.9978788942,-0.132934061466035,0.177656197209141,-0.748265827786138,0.454299832079062,0.516104535243201,48322.3197493028,60473.0976562646,51990.4896707005,61888.2169485753,69030.0757248197,52132.5773608328,59114.3359838144,55063.7147403878,54578.7878966894,46915.8186899615,51023.542246487
"2","BRCA2",129436.384768984,0.114701760274699,0.176637671801366,0.649361821320225,0.516104535243201,0.516104535243201,146879.482790184,117367.186518917,136516.454777677,114683.500057807,102818.333276832,136144.378262255,120064.908348845,128897.176034395,130042.414013192,151282.819530508,139103.578848216
