"","gene","baseMean","log2FoldChange","lfcSE","stat","pvalue","padj","Cont_B1_untr_wt-RNA11-0047-1_S17.count","Cont_B1_untr_wt-RNA11-0051-1_S19.count","Cont_B1_untr_wt-RNA11-0053-1_S20.count","Cont_B1_untr_wt-RNA11-0055-1_S21.count","Cont_untr_wt-RNA11-0067-1_S25.count","Cont_untr_wt-RNA11-0069-1_S26.count","Cont_untr_wt-RNA11-0071-1_S27.count","Cont_untr_wt-RNA11-0073-1_S28.count","Cont_untr_wt-RNA11-0075-1_S29.count","Cont_untr_wt-RNA11-0077-1_S30.count","Muta_untr_wt-RNA11-0057-1_S22.count"
"1","BRCA1",45644.9659938811,-0.0468484600073736,0.145757832736677,-0.321412984316315,0.747897444653467,0.816509440828751,39449.6943777175,46168.4128435394,47183.4212715185,49188.5251543714,51802.6577879399,42477.54143277,49395.5898630906,44434.1531388589,48960.1100302717,38717.8355728967,44316.6844597178
"2","BRCA2",82501.0729330277,0.0341079806344688,0.146993849310001,0.232036787896731,0.816509440828751,0.816509440828751,94688.9533559701,80909.2199789945,79168.7031201744,75941.497719555,72109.2397639222,87939.4179804671,75623.1534271074,84067.0971980833,76295.7899508266,96478.7988679269,84289.9309002765
