"","gene","baseMean","log2FoldChange","lfcSE","stat","pvalue","padj","Cont_B1_untr_wt-RNA11-0047-1_S17.count","Cont_B1_untr_wt-RNA11-0053-1_S20.count","Cont_B1_untr_wt-RNA11-0055-1_S21.count","Cont_untr_wt-RNA11-0067-1_S25.count","Cont_untr_wt-RNA11-0069-1_S26.count","Cont_untr_wt-RNA11-0071-1_S27.count","Cont_untr_wt-RNA11-0073-1_S28.count","Cont_untr_wt-RNA11-0075-1_S29.count","Cont_untr_wt-RNA11-0077-1_S30.count","Muta_untr_wt-RNA11-0057-1_S22.count"
"1","BRCA1",45622.4940543687,-0.0454800150732813,0.154552404173421,-0.294269217722739,0.768552192532155,0.840334766489526,39475.5422154712,47214.3363251566,49220.7539723025,51836.5994119457,42505.3731464613,49427.9543519078,44463.2668442798,48992.189188309,38743.203889378,44345.721198475
"2","BRCA2",82714.4180635595,0.0313591980990356,0.155655586580337,0.201465291339546,0.840334766489526,0.840334766489526,94750.9945135005,79220.5752531707,75991.2553550144,72156.4864653064,87997.0367743253,75672.7024801747,84122.1788082981,76345.7797221303,96542.0127502941,84345.158513381
