"","gene","baseMean","log2FoldChange","lfcSE","stat","pvalue","padj","Cont_B2_unt_1.count","Cont_B2_unt_3.count","Cont_B2_unt_7.count","Cont_B2_unt_8.count","Cont_B2_unt_9.count","Cont_unt_10.count","Cont_unt_11.count","Cont_unt_12.count","Cont_unt_13.count","Cont_unt_14.count","Cont_unt_15.count","Cont_unt_16.count","Cont_unt_17.count","Cont_unt_18.count","Cont_unt_19.count","Cont_unt_20.count","Muta_unt_5.count"
"1","BRCA2",1237.16510901439,-0.696685237780582,0.310919261968269,-2.24072716939513,0.0250437530794943,0.0500875061589887,1372.77067684461,1061.90015166944,1257.08064529286,649.015922955373,1411.74232230668,1338.18842703267,1449.53862300595,1230.02389300826,1303.45213032114,924.596324440958,1225.77218169995,1409.52228333573,1362.03535037781,1675.89464993073,1312.34527206876,1266.96363174068,780.964367212961
"2","BRCA1",266.871374455773,0.631733335541157,0.337285907796584,1.87299060215155,0.0610696827446695,0.0610696827446695,227.896114328821,294.612542079022,248.869556848955,482.03609811734,221.604961595442,233.785539313884,215.826676262456,254.343923638996,240.015797926045,338.362910220946,255.2261405407,221.95399591488,229.692351986791,186.675876750584,238.389324651022,246.928242673873,400.593312898387
