"","gene","baseMean","log2FoldChange","lfcSE","stat","pvalue","padj","Cont_B1_untr_smp2_S2.count","Cont_B1_untr_smp5_S5.count","Cont_B1_untr_smp6_S6.count","Cont_untr_smp10_S10.count","Cont_untr_smp11_S11.count","Cont_untr_smp12_S12.count","Cont_untr_smp13_S2.count","Cont_untr_smp14_S3.count","Cont_untr_smp15_S4.count","Cont_untr_smp16_S5.count","Cont_untr_smp17_S6.count","Cont_untr_smp19_S8.count","Cont_untr_smp20_S9.count","Muta_untr_smp1_S1.count"
"1","BRCA1",2607.08675271231,-0.0667899713706574,0.170838821900929,-0.390953125451717,0.69583188427921,0.771479927154533,2327.59674677193,2241.47423949652,2882.51675188787,2642.019609513,2942.78850132082,3203.7333762916,2630.4967397497,2993.55856325167,2543.8719912515,2542.29744436012,2407.40087798887,2406.11004956037,2238.20888459827,2497.14076193003
"2","BRCA2",3673.21411965932,0.0491000340846362,0.169054180424902,0.290439632792444,0.771479927154533,0.771479927154533,4067.28945037886,4223.56390542685,3284.28609709946,3583.24732291698,3217.02007760072,2954.99299752588,3598.94370892945,3162.46015999044,3721.49609942604,3723.80097139436,3932.46084581903,3934.57052997695,4229.72572311132,3791.13978563411
