"","gene","baseMean","log2FoldChange","lfcSE","stat","pvalue","padj","Cont_B1_untr_smp2_S2.count","Cont_B1_untr_smp4_S4.count","Cont_B1_untr_smp5_S5.count","Cont_B1_untr_smp6_S6.count","Cont_untr_smp10_S10.count","Cont_untr_smp11_S11.count","Cont_untr_smp12_S12.count","Cont_untr_smp13_S2.count","Cont_untr_smp14_S3.count","Cont_untr_smp15_S4.count","Cont_untr_smp16_S5.count","Cont_untr_smp17_S6.count","Cont_untr_smp18_S7.count","Cont_untr_smp19_S8.count","Cont_untr_smp20_S9.count","Muta_untr_smp1_S1.count"
"1","BRCA1",2658.92843978753,-0.0864354956842373,0.17691218963413,-0.488578519450772,0.625140123691393,0.700971503518771,2342.52126719156,3220.69815006026,2255.84654350658,2900.99941224694,2658.96020528669,2961.65762336248,3224.27567351719,2647.3634510306,3012.75322227779,2560.18326575857,2558.59862289276,2422.837101472,2588.90985413873,2421.53799626821,2252.5602511947,2513.15239639541
"2","BRCA2",3652.23610159065,0.0672447020996016,0.175112139298599,0.384009368904671,0.700971503518771,0.700971503518771,4093.3688580507,2977.24380170925,4250.64534289559,3305.34489733538,3606.22305868978,3237.64756898431,2973.94037464032,3622.02008972759,3182.73781388366,3745.35828457666,3747.67793535441,3957.67573421162,3703.79972447257,3959.79894563724,4256.84667007584,3815.44852520544
