"","gene","baseMean","log2FoldChange","lfcSE","stat","pvalue","padj","Cont_B1_untr_smp2_S2.count","Cont_B1_untr_smp4_S4.count","Cont_B1_untr_smp5_S5.count","Cont_B1_untr_smp6_S6.count","Cont_untr_smp10_S10.count","Cont_untr_smp11_S11.count","Cont_untr_smp12_S12.count","Cont_untr_smp13_S2.count","Cont_untr_smp14_S3.count","Cont_untr_smp15_S4.count","Cont_untr_smp16_S5.count","Cont_untr_smp17_S6.count","Cont_untr_smp19_S8.count","Cont_untr_smp20_S9.count","Muta_untr_smp1_S1.count"
"1","BRCA1",2606.17300711729,-0.0895379767889047,0.183298790844018,-0.488481000756295,0.625209179989164,0.70404908187595,2292.01984958147,3151.26449131392,2207.2137093234,2838.4580023326,2601.6368154774,2897.8085089274,3154.76488846739,2590.29007070374,2947.80255960278,2504.98936588954,2503.4388856639,2370.6041890215,2369.33309067312,2203.99826478684,2458.97241499429
"2","BRCA2",3570.13563442246,0.0690240324204598,0.181708969074303,0.379860349063094,0.70404908187595,0.70404908187595,4005.12166344555,2913.05867149807,4159.00749158537,3234.08637544122,3528.47803275011,3167.84850493927,2909.82646160538,3543.93450232852,3114.12252584615,3664.61370160193,3666.88334401721,3872.35388983052,3874.43132784594,4165.07512699596,3733.19289660566
